url,pageType,title,h1,canonical,robots,indexability,parentHub,inboundInternalLinks,outboundInternalLinks,contentUniqueness,searchIntent,cannibalization,priority,recommendedAction,sitemap
"/","Static","รับซื้อสินค้าไอที ขอนแก่น จ่ายสด นัดรับถึงที่ | WINNER IT","รับซื้อสินค้าไอที ขอนแก่น นัดรับถึงที่ จ่ายสดหน้างาน","https://xn--12cb0a0clbb5eueac5b7cya1nrb2eh.com/","index, follow (default)","Indexable (200 build)","/","86","24","Unique body; 6817 chars","รับซื้อสินค้าไอที ขอนแก่น นัดรับถึงที่ จ่ายสดหน้างาน","none found","Tier A","KEEP","YES"
"/ข้อกำหนดการใช้บริการ/","Static","ข้อกำหนดการใช้บริการ | WINNER IT","ข้อกำหนดการใช้บริการ","https://xn--12cb0a0clbb5eueac5b7cya1nrb2eh.com/%E0%B8%82%E0%B9%89%E0%B8%AD%E0%B8%81%E0%B8%B3%E0%B8%AB%E0%B8%99%E0%B8%94%E0%B8%81%E0%B8%B2%E0%B8%A3%E0%B9%83%E0%B8%8A%E0%B9%89%E0%B8%9A%E0%B8%A3%E0%B8%B4%E0%B8%81%E0%B8%B2%E0%B8%A3/","index, follow (default)","Indexable (200 build)","/","86","17","Unique body; 993 chars","ข้อกำหนดการใช้บริการ","none found","Tier C","KEEP","YES"
"/จอแตกขายได้ไหม/","Condition","จอแตก จอมีเส้น ขายได้ไหม ประเมินราคาสินค้าไอทีขอนแก่น | WINNER IT","จอแตก จอมีเส้น ยังขายได้ไหมในขอนแก่น","https://xn--12cb0a0clbb5eueac5b7cya1nrb2eh.com/%E0%B8%88%E0%B8%AD%E0%B9%81%E0%B8%95%E0%B8%81%E0%B8%82%E0%B8%B2%E0%B8%A2%E0%B9%84%E0%B8%94%E0%B9%89%E0%B9%84%E0%B8%AB%E0%B8%A1/","index, follow (default)","Indexable (200 build)","/สภาพสินค้าที่ขายได้/","9","19","Unique body; 1115 chars","จอแตก จอมีเส้น ยังขายได้ไหมในขอนแก่น","screen_damage","Tier C","REVIEW","YES"
"/ติดต่อเรา/","Static","ติดต่อเรา | WINNER IT ขอนแก่น","ติดต่อ WINNER IT ขอนแก่น","https://xn--12cb0a0clbb5eueac5b7cya1nrb2eh.com/%E0%B8%95%E0%B8%B4%E0%B8%94%E0%B8%95%E0%B9%88%E0%B8%AD%E0%B9%80%E0%B8%A3%E0%B8%B2/","index, follow (default)","Indexable (200 build)","/","86","17","Unique body; 603 chars","ติดต่อ WINNER IT ขอนแก่น","none found","Tier C","KEEP","YES"
"/ติดบัญชีขายได้ไหม/","Condition","เครื่องติด iCloud Google Samsung Account ขายได้ไหม | WINNER IT","เครื่องติดบัญชีผู้ใช้ ต้องปลดล็อกก่อนขาย","https://xn--12cb0a0clbb5eueac5b7cya1nrb2eh.com/%E0%B8%95%E0%B8%B4%E0%B8%94%E0%B8%9A%E0%B8%B1%E0%B8%8D%E0%B8%8A%E0%B8%B5%E0%B8%82%E0%B8%B2%E0%B8%A2%E0%B9%84%E0%B8%94%E0%B9%89%E0%B9%84%E0%B8%AB%E0%B8%A1/","index, follow (default)","Indexable (200 build)","/สภาพสินค้าที่ขายได้/","4","18","Unique body; 1143 chars","เครื่องติดบัญชีผู้ใช้ ต้องปลดล็อกก่อนขาย","none found","Tier B","KEEP","YES"
"/นโยบายความเป็นส่วนตัว/","Static","นโยบายความเป็นส่วนตัว | WINNER IT","นโยบายความเป็นส่วนตัว","https://xn--12cb0a0clbb5eueac5b7cya1nrb2eh.com/%E0%B8%99%E0%B9%82%E0%B8%A2%E0%B8%9A%E0%B8%B2%E0%B8%A2%E0%B8%84%E0%B8%A7%E0%B8%B2%E0%B8%A1%E0%B9%80%E0%B8%9B%E0%B9%87%E0%B8%99%E0%B8%AA%E0%B9%88%E0%B8%A7%E0%B8%99%E0%B8%95%E0%B8%B1%E0%B8%A7/","index, follow (default)","Indexable (200 build)","/","86","17","Unique body; 901 chars","นโยบายความเป็นส่วนตัว","none found","Tier C","KEEP","YES"
"/บทความ/","Blog hub","บทความความรู้ ขายของไอทีให้ได้ราคา | WINNER IT ขอนแก่น","ความรู้ก่อนขายของไอที ให้ได้ราคาเต็ม","https://xn--12cb0a0clbb5eueac5b7cya1nrb2eh.com/%E0%B8%9A%E0%B8%97%E0%B8%84%E0%B8%A7%E0%B8%B2%E0%B8%A1/","index, follow (default)","Indexable (200 build)","/บทความ/","86","39","Unique body; 3713 chars","ความรู้ก่อนขายของไอที ให้ได้ราคาเต็ม","none found","Tier A","ENRICH","YES"
"/บทความ/กลโกงขายของไอทีออนไลน์/","Blog","5 กลโกงที่เจอบ่อยเวลาขายของไอทีออนไลน์ วิธีป้องกันที่ได้ผล | WINNER IT","5 กลโกงที่เจอบ่อยเวลาขายของไอทีออนไลน์ วิธีป้องกันที่ได้ผล","https://xn--12cb0a0clbb5eueac5b7cya1nrb2eh.com/%E0%B8%9A%E0%B8%97%E0%B8%84%E0%B8%A7%E0%B8%B2%E0%B8%A1/%E0%B8%81%E0%B8%A5%E0%B9%82%E0%B8%81%E0%B8%87%E0%B8%82%E0%B8%B2%E0%B8%A2%E0%B8%82%E0%B8%AD%E0%B8%87%E0%B9%84%E0%B8%AD%E0%B8%97%E0%B8%B5%E0%B8%AD%E0%B8%AD%E0%B8%99%E0%B9%84%E0%B8%A5%E0%B8%99%E0%B9%8C/","index, follow (default)","Indexable (200 build)","/บทความ/","3","18","Unique body; 3059 chars","5 กลโกงที่เจอบ่อยเวลาขายของไอทีออนไลน์ วิธีป้องกันที่ได้ผล","none found","Tier B","KEEP","YES"
"/บทความ/ของพังขายได้ไหม/","Blog","จอแตก เปิดไม่ติด แบตบวม ของพังขายได้ไหม ราคาหายไปแค่ไหน | WINNER IT","จอแตก เปิดไม่ติด แบตบวม ของพังขายได้ไหม ราคาหายไปแค่ไหน","https://xn--12cb0a0clbb5eueac5b7cya1nrb2eh.com/%E0%B8%9A%E0%B8%97%E0%B8%84%E0%B8%A7%E0%B8%B2%E0%B8%A1/%E0%B8%82%E0%B8%AD%E0%B8%87%E0%B8%9E%E0%B8%B1%E0%B8%87%E0%B8%82%E0%B8%B2%E0%B8%A2%E0%B9%84%E0%B8%94%E0%B9%89%E0%B9%84%E0%B8%AB%E0%B8%A1/","index, follow (default)","Indexable (200 build)","/บทความ/","1","18","Unique body; 3360 chars","จอแตก เปิดไม่ติด แบตบวม ของพังขายได้ไหม ราคาหายไปแค่ไหน","condition_general","Tier C","REVIEW","YES"
"/บทความ/ขาย-iphone-ตอนไหนดี/","Blog","ควรขาย iPhone ตอนไหนก่อนรุ่นใหม่ออก | WINNER IT","ก่อน iPhone รุ่นใหม่ออก ควรขายเครื่องเก่าตอนไหนให้เสียราคาน้อยลง","https://xn--12cb0a0clbb5eueac5b7cya1nrb2eh.com/%E0%B8%9A%E0%B8%97%E0%B8%84%E0%B8%A7%E0%B8%B2%E0%B8%A1/%E0%B8%82%E0%B8%B2%E0%B8%A2-iphone-%E0%B8%95%E0%B8%AD%E0%B8%99%E0%B9%84%E0%B8%AB%E0%B8%99%E0%B8%94%E0%B8%B5/","index, follow (default)","Indexable (200 build)","/บทความ/","1","18","Unique body; 3317 chars","ก่อน iPhone รุ่นใหม่ออก ควรขายเครื่องเก่าตอนไหนให้เสียราคาน้อยลง","none found","Tier B","KEEP","YES"
"/บทความ/ขายของไอทีที่ไหนดี-ขอนแก่น/","Blog","ขายของไอทีที่ไหนดีในขอนแก่น เทียบช่องทาง | WINNER IT","ขายของไอทีในขอนแก่น เลือกช่องทางไหนดี เทียบทุกช่องทางแบบตรงไปตรงมา","https://xn--12cb0a0clbb5eueac5b7cya1nrb2eh.com/%E0%B8%9A%E0%B8%97%E0%B8%84%E0%B8%A7%E0%B8%B2%E0%B8%A1/%E0%B8%82%E0%B8%B2%E0%B8%A2%E0%B8%82%E0%B8%AD%E0%B8%87%E0%B9%84%E0%B8%AD%E0%B8%97%E0%B8%B5%E0%B8%97%E0%B8%B5%E0%B9%88%E0%B9%84%E0%B8%AB%E0%B8%99%E0%B8%94%E0%B8%B5-%E0%B8%82%E0%B8%AD%E0%B8%99%E0%B9%81%E0%B8%81%E0%B9%88%E0%B8%99/","index, follow (default)","Indexable (200 build)","/บทความ/","2","20","Unique body; 3191 chars","ขายของไอทีในขอนแก่น เลือกช่องทางไหนดี เทียบทุกช่องทางแบบตรงไปตรงมา","none found","Tier B","KEEP","YES"
"/บทความ/ขายคอมทั้งเครื่อง-vs-แยกชิ้นส่วน/","Blog","ขายคอมทั้งเครื่อง vs แยกขายอะไหล่ แบบไหนคุ้ม | WINNER IT","ขายคอมทั้งเครื่อง vs แยกขายอะไหล่ แบบไหนคุ้มกว่า","https://xn--12cb0a0clbb5eueac5b7cya1nrb2eh.com/%E0%B8%9A%E0%B8%97%E0%B8%84%E0%B8%A7%E0%B8%B2%E0%B8%A1/%E0%B8%82%E0%B8%B2%E0%B8%A2%E0%B8%84%E0%B8%AD%E0%B8%A1%E0%B8%97%E0%B8%B1%E0%B9%89%E0%B8%87%E0%B9%80%E0%B8%84%E0%B8%A3%E0%B8%B7%E0%B9%88%E0%B8%AD%E0%B8%87-vs-%E0%B9%81%E0%B8%A2%E0%B8%81%E0%B8%8A%E0%B8%B4%E0%B9%89%E0%B8%99%E0%B8%AA%E0%B9%88%E0%B8%A7%E0%B8%99/","index, follow (default)","Indexable (200 build)","/บทความ/","5","18","Unique body; 3156 chars","ขายคอมทั้งเครื่อง vs แยกขายอะไหล่ แบบไหนคุ้มกว่า","none found","Tier B","KEEP","YES"
"/บทความ/ขายร้าน-vs-ขายเอง-facebook/","Blog","ขายร้านรับซื้อ vs ขายเองใน Facebook | WINNER IT","ขายร้านรับซื้อ vs โพสต์ขายเองในกลุ่ม Facebook ข้อดีข้อเสียที่ต้องรู้","https://xn--12cb0a0clbb5eueac5b7cya1nrb2eh.com/%E0%B8%9A%E0%B8%97%E0%B8%84%E0%B8%A7%E0%B8%B2%E0%B8%A1/%E0%B8%82%E0%B8%B2%E0%B8%A2%E0%B8%A3%E0%B9%89%E0%B8%B2%E0%B8%99-vs-%E0%B8%82%E0%B8%B2%E0%B8%A2%E0%B9%80%E0%B8%AD%E0%B8%87-facebook/","index, follow (default)","Indexable (200 build)","/บทความ/","4","18","Unique body; 3104 chars","ขายร้านรับซื้อ vs โพสต์ขายเองในกลุ่ม Facebook ข้อดีข้อเสียที่ต้องรู้","none found","Tier B","KEEP","YES"
"/บทความ/จอแตกขายได้ไหม-ขอนแก่น/","Blog","จอแตกขายได้ไหม ขอนแก่น iPhone iPad Notebook ยังมีราคาไหม | WINNER IT","จอแตกขายได้ไหมในขอนแก่น ยังมีราคาแค่ไหน","https://xn--12cb0a0clbb5eueac5b7cya1nrb2eh.com/%E0%B8%9A%E0%B8%97%E0%B8%84%E0%B8%A7%E0%B8%B2%E0%B8%A1/%E0%B8%88%E0%B8%AD%E0%B9%81%E0%B8%95%E0%B8%81%E0%B8%82%E0%B8%B2%E0%B8%A2%E0%B9%84%E0%B8%94%E0%B9%89%E0%B9%84%E0%B8%AB%E0%B8%A1-%E0%B8%82%E0%B8%AD%E0%B8%99%E0%B9%81%E0%B8%81%E0%B9%88%E0%B8%99/","index, follow (default)","Indexable (200 build)","/บทความ/","1","20","Unique body; 681 chars","จอแตกขายได้ไหมในขอนแก่น ยังมีราคาแค่ไหน","screen_damage","Tier C","REVIEW","YES"
"/บทความ/นักศึกษา-มข-ขายโน้ตบุ๊ก-ipad/","Blog","นักศึกษา มข. ขายโน้ตบุ๊ค iPad ที่ไหน | WINNER IT","นักศึกษา มข. เรียนจบ ขายโน้ตบุ๊ค iPad ที่ไหนได้ราคาดีในขอนแก่น","https://xn--12cb0a0clbb5eueac5b7cya1nrb2eh.com/%E0%B8%9A%E0%B8%97%E0%B8%84%E0%B8%A7%E0%B8%B2%E0%B8%A1/%E0%B8%99%E0%B8%B1%E0%B8%81%E0%B8%A8%E0%B8%B6%E0%B8%81%E0%B8%A9%E0%B8%B2-%E0%B8%A1%E0%B8%82-%E0%B8%82%E0%B8%B2%E0%B8%A2%E0%B9%82%E0%B8%99%E0%B9%89%E0%B8%95%E0%B8%9A%E0%B8%B8%E0%B9%8A%E0%B8%81-ipad/","index, follow (default)","Indexable (200 build)","/บทความ/","1","19","Unique body; 2907 chars","นักศึกษา มข. เรียนจบ ขายโน้ตบุ๊ค iPad ที่ไหนได้ราคาดีในขอนแก่น","none found","Tier B","KEEP","YES"
"/บทความ/รับซื้อ-iphone-ขอนแก่น-ราคา/","Blog","รับซื้อ iPhone ขอนแก่น ราคาเท่าไหร่ ต้องส่งข้อมูลอะไร | WINNER IT","รับซื้อ iPhone ขอนแก่น ราคาเท่าไหร่ ดูจากอะไร","https://xn--12cb0a0clbb5eueac5b7cya1nrb2eh.com/%E0%B8%9A%E0%B8%97%E0%B8%84%E0%B8%A7%E0%B8%B2%E0%B8%A1/%E0%B8%A3%E0%B8%B1%E0%B8%9A%E0%B8%8B%E0%B8%B7%E0%B9%89%E0%B8%AD-iphone-%E0%B8%82%E0%B8%AD%E0%B8%99%E0%B9%81%E0%B8%81%E0%B9%88%E0%B8%99-%E0%B8%A3%E0%B8%B2%E0%B8%84%E0%B8%B2/","index, follow (default)","Indexable (200 build)","/บทความ/","1","22","Unique body; 833 chars","รับซื้อ iPhone ขอนแก่น ราคาเท่าไหร่ ดูจากอะไร","iphone_price","Tier C","REVIEW","YES"
"/บทความ/รับซื้อสินค้าไอทีใกล้ฉัน-ขอนแก่น/","Blog","รับซื้อสินค้าไอทีใกล้ฉัน ขอนแก่น ต้องดูอะไรบ้างก่อนนัดขาย | WINNER IT","รับซื้อสินค้าไอทีใกล้ฉัน ขอนแก่น ต้องเช็กอะไรบ้าง","https://xn--12cb0a0clbb5eueac5b7cya1nrb2eh.com/%E0%B8%9A%E0%B8%97%E0%B8%84%E0%B8%A7%E0%B8%B2%E0%B8%A1/%E0%B8%A3%E0%B8%B1%E0%B8%9A%E0%B8%8B%E0%B8%B7%E0%B9%89%E0%B8%AD%E0%B8%AA%E0%B8%B4%E0%B8%99%E0%B8%84%E0%B9%89%E0%B8%B2%E0%B9%84%E0%B8%AD%E0%B8%97%E0%B8%B5%E0%B9%83%E0%B8%81%E0%B8%A5%E0%B9%89%E0%B8%89%E0%B8%B1%E0%B8%99-%E0%B8%82%E0%B8%AD%E0%B8%99%E0%B9%81%E0%B8%81%E0%B9%88%E0%B8%99/","index, follow (default)","Indexable (200 build)","/บทความ/","1","21","Unique body; 1046 chars","รับซื้อสินค้าไอทีใกล้ฉัน ขอนแก่น ต้องเช็กอะไรบ้าง","none found","Tier A","ENRICH","YES"
"/บทความ/รับซื้อไอทีถึงที่-ขอนแก่น/","Blog","รับซื้อไอทีถึงที่ ขอนแก่น นัดรับยังไงให้จบไวและได้ราคา | WINNER IT","รับซื้อไอทีถึงที่ ขอนแก่น นัดรับยังไงให้จบไว","https://xn--12cb0a0clbb5eueac5b7cya1nrb2eh.com/%E0%B8%9A%E0%B8%97%E0%B8%84%E0%B8%A7%E0%B8%B2%E0%B8%A1/%E0%B8%A3%E0%B8%B1%E0%B8%9A%E0%B8%8B%E0%B8%B7%E0%B9%89%E0%B8%AD%E0%B9%84%E0%B8%AD%E0%B8%97%E0%B8%B5%E0%B8%96%E0%B8%B6%E0%B8%87%E0%B8%97%E0%B8%B5%E0%B9%88-%E0%B8%82%E0%B8%AD%E0%B8%99%E0%B9%81%E0%B8%81%E0%B9%88%E0%B8%99/","index, follow (default)","Indexable (200 build)","/บทความ/","1","23","Unique body; 875 chars","รับซื้อไอทีถึงที่ ขอนแก่น นัดรับยังไงให้จบไว","none found","Tier B","KEEP","YES"
"/บทความ/ราคารับซื้อ-iphone-มือสอง/","Blog","ราคารับซื้อ iPhone มือสอง ดูจากอะไร | WINNER IT","ราคารับซื้อ iPhone มือสอง แต่ละรุ่นขายได้กี่บาท อัปเดตกรกฎาคม 2569","https://xn--12cb0a0clbb5eueac5b7cya1nrb2eh.com/%E0%B8%9A%E0%B8%97%E0%B8%84%E0%B8%A7%E0%B8%B2%E0%B8%A1/%E0%B8%A3%E0%B8%B2%E0%B8%84%E0%B8%B2%E0%B8%A3%E0%B8%B1%E0%B8%9A%E0%B8%8B%E0%B8%B7%E0%B9%89%E0%B8%AD-iphone-%E0%B8%A1%E0%B8%B7%E0%B8%AD%E0%B8%AA%E0%B8%AD%E0%B8%87/","index, follow (default)","Indexable (200 build)","/บทความ/","2","18","Unique body; 4568 chars","ราคารับซื้อ iPhone มือสอง แต่ละรุ่นขายได้กี่บาท อัปเดตกรกฎาคม 2569","iphone_price","Tier C","REVIEW","YES"
"/บทความ/ราคารับซื้อ-macbook-มือสอง/","Blog","ราคารับซื้อ MacBook มือสอง ดูจากอะไร | WINNER IT","ราคารับซื้อ MacBook มือสอง ทุกรุ่น อัปเดตกรกฎาคม 2569","https://xn--12cb0a0clbb5eueac5b7cya1nrb2eh.com/%E0%B8%9A%E0%B8%97%E0%B8%84%E0%B8%A7%E0%B8%B2%E0%B8%A1/%E0%B8%A3%E0%B8%B2%E0%B8%84%E0%B8%B2%E0%B8%A3%E0%B8%B1%E0%B8%9A%E0%B8%8B%E0%B8%B7%E0%B9%89%E0%B8%AD-macbook-%E0%B8%A1%E0%B8%B7%E0%B8%AD%E0%B8%AA%E0%B8%AD%E0%B8%87/","index, follow (default)","Indexable (200 build)","/บทความ/","5","18","Unique body; 4369 chars","ราคารับซื้อ MacBook มือสอง ทุกรุ่น อัปเดตกรกฎาคม 2569","none found","Tier A","ENRICH","YES"
"/บทความ/ราคารับซื้อ-ps5-nintendo-switch/","Blog","ราคารับซื้อ PS5 Nintendo Switch มือสอง | WINNER IT","ราคารับซื้อ PS5 Nintendo Switch มือสอง เทียบ Disc vs Digital อัปเดต 2569","https://xn--12cb0a0clbb5eueac5b7cya1nrb2eh.com/%E0%B8%9A%E0%B8%97%E0%B8%84%E0%B8%A7%E0%B8%B2%E0%B8%A1/%E0%B8%A3%E0%B8%B2%E0%B8%84%E0%B8%B2%E0%B8%A3%E0%B8%B1%E0%B8%9A%E0%B8%8B%E0%B8%B7%E0%B9%89%E0%B8%AD-ps5-nintendo-switch/","index, follow (default)","Indexable (200 build)","/บทความ/","2","18","Unique body; 3820 chars","ราคารับซื้อ PS5 Nintendo Switch มือสอง เทียบ Disc vs Digital อัปเดต 2569","none found","Tier A","ENRICH","YES"
"/บทความ/ราคารับซื้อ-การ์ดจอ/","Blog","ราคารับซื้อการ์ดจอมือสอง RTX และ Radeon | WINNER IT","การ์ดจอมือสองรุ่นไหนยังขายได้ราคาดี ตาราง RTX 3060 ถึง 4090 อัปเดต 2569","https://xn--12cb0a0clbb5eueac5b7cya1nrb2eh.com/%E0%B8%9A%E0%B8%97%E0%B8%84%E0%B8%A7%E0%B8%B2%E0%B8%A1/%E0%B8%A3%E0%B8%B2%E0%B8%84%E0%B8%B2%E0%B8%A3%E0%B8%B1%E0%B8%9A%E0%B8%8B%E0%B8%B7%E0%B9%89%E0%B8%AD-%E0%B8%81%E0%B8%B2%E0%B8%A3%E0%B9%8C%E0%B8%94%E0%B8%88%E0%B8%AD/","index, follow (default)","Indexable (200 build)","/บทความ/","5","19","Unique body; 4060 chars","การ์ดจอมือสองรุ่นไหนยังขายได้ราคาดี ตาราง RTX 3060 ถึง 4090 อัปเดต 2569","none found","Tier A","ENRICH","YES"
"/บทความ/ราคารับซื้อ-โน้ตบุ๊กเกมมิ่ง/","Blog","ราคาโน้ตบุ๊คเกมมิ่งมือสอง ดูจากอะไร | WINNER IT","โน้ตบุ๊คเกมมิ่งมือสอง ขายได้เท่าไหร่ ดูจากอะไร ตาราง ROG MSI Lenovo 2569","https://xn--12cb0a0clbb5eueac5b7cya1nrb2eh.com/%E0%B8%9A%E0%B8%97%E0%B8%84%E0%B8%A7%E0%B8%B2%E0%B8%A1/%E0%B8%A3%E0%B8%B2%E0%B8%84%E0%B8%B2%E0%B8%A3%E0%B8%B1%E0%B8%9A%E0%B8%8B%E0%B8%B7%E0%B9%89%E0%B8%AD-%E0%B9%82%E0%B8%99%E0%B9%89%E0%B8%95%E0%B8%9A%E0%B8%B8%E0%B9%8A%E0%B8%81%E0%B9%80%E0%B8%81%E0%B8%A1%E0%B8%A1%E0%B8%B4%E0%B9%88%E0%B8%87/","index, follow (default)","Indexable (200 build)","/บทความ/","1","18","Unique body; 3458 chars","โน้ตบุ๊คเกมมิ่งมือสอง ขายได้เท่าไหร่ ดูจากอะไร ตาราง ROG MSI Lenovo 2569","none found","Tier B","KEEP","YES"
"/บทความ/วิธีลบข้อมูล-iphone-ก่อนขาย/","Blog","วิธีลบข้อมูล iPhone ก่อนขายและปิด Find My | WINNER IT","วิธีลบข้อมูล iPhone ก่อนขาย ปลอดภัยครบทุกขั้นตอน","https://xn--12cb0a0clbb5eueac5b7cya1nrb2eh.com/%E0%B8%9A%E0%B8%97%E0%B8%84%E0%B8%A7%E0%B8%B2%E0%B8%A1/%E0%B8%A7%E0%B8%B4%E0%B8%98%E0%B8%B5%E0%B8%A5%E0%B8%9A%E0%B8%82%E0%B9%89%E0%B8%AD%E0%B8%A1%E0%B8%B9%E0%B8%A5-iphone-%E0%B8%81%E0%B9%88%E0%B8%AD%E0%B8%99%E0%B8%82%E0%B8%B2%E0%B8%A2/","index, follow (default)","Indexable (200 build)","/บทความ/","7","18","Unique body; 4389 chars","วิธีลบข้อมูล iPhone ก่อนขาย ปลอดภัยครบทุกขั้นตอน","none found","Tier A","ENRICH","YES"
"/บทความ/อัปเกรดคอมใหม่-ขายของเก่า/","Blog","อัปเกรดคอมใหม่ ขายของเก่าที่ไหนในขอนแก่น | WINNER IT","อัปเกรดคอมใหม่ ขายของเก่าที่ไหนดีในขอนแก่น ได้เงินคืนสูงสุด","https://xn--12cb0a0clbb5eueac5b7cya1nrb2eh.com/%E0%B8%9A%E0%B8%97%E0%B8%84%E0%B8%A7%E0%B8%B2%E0%B8%A1/%E0%B8%AD%E0%B8%B1%E0%B8%9B%E0%B9%80%E0%B8%81%E0%B8%A3%E0%B8%94%E0%B8%84%E0%B8%AD%E0%B8%A1%E0%B9%83%E0%B8%AB%E0%B8%A1%E0%B9%88-%E0%B8%82%E0%B8%B2%E0%B8%A2%E0%B8%82%E0%B8%AD%E0%B8%87%E0%B9%80%E0%B8%81%E0%B9%88%E0%B8%B2/","index, follow (default)","Indexable (200 build)","/บทความ/","1","19","Unique body; 3056 chars","อัปเกรดคอมใหม่ ขายของเก่าที่ไหนดีในขอนแก่น ได้เงินคืนสูงสุด","none found","Tier B","KEEP","YES"
"/บทความ/เคลียร์อุปกรณ์ไอที-ย้ายออฟฟิศ/","Blog","ปิดออฟฟิศ จัดการอุปกรณ์ไอทีเก่าอย่างไร | WINNER IT","ปิดออฟฟิศ ย้ายสำนักงาน จัดการอุปกรณ์ไอทีเก่าอย่างไรให้ได้เงินคืนสูงสุด","https://xn--12cb0a0clbb5eueac5b7cya1nrb2eh.com/%E0%B8%9A%E0%B8%97%E0%B8%84%E0%B8%A7%E0%B8%B2%E0%B8%A1/%E0%B9%80%E0%B8%84%E0%B8%A5%E0%B8%B5%E0%B8%A2%E0%B8%A3%E0%B9%8C%E0%B8%AD%E0%B8%B8%E0%B8%9B%E0%B8%81%E0%B8%A3%E0%B8%93%E0%B9%8C%E0%B9%84%E0%B8%AD%E0%B8%97%E0%B8%B5-%E0%B8%A2%E0%B9%89%E0%B8%B2%E0%B8%A2%E0%B8%AD%E0%B8%AD%E0%B8%9F%E0%B8%9F%E0%B8%B4%E0%B8%A8/","index, follow (default)","Indexable (200 build)","/บทความ/","4","20","Unique body; 3421 chars","ปิดออฟฟิศ ย้ายสำนักงาน จัดการอุปกรณ์ไอทีเก่าอย่างไรให้ได้เงินคืนสูงสุด","none found","Tier B","KEEP","YES"
"/บทความ/เช็คลิสต์ก่อนขายโน้ตบุ๊ก/","Blog","เช็คลิสต์เตรียมโน้ตบุ๊คก่อนขาย 7 ข้อ | WINNER IT","เช็คลิสต์ 7 ข้อ เตรียมโน้ตบุ๊คก่อนขายให้ประเมินได้แม่นขึ้น","https://xn--12cb0a0clbb5eueac5b7cya1nrb2eh.com/%E0%B8%9A%E0%B8%97%E0%B8%84%E0%B8%A7%E0%B8%B2%E0%B8%A1/%E0%B9%80%E0%B8%8A%E0%B9%87%E0%B8%84%E0%B8%A5%E0%B8%B4%E0%B8%AA%E0%B8%95%E0%B9%8C%E0%B8%81%E0%B9%88%E0%B8%AD%E0%B8%99%E0%B8%82%E0%B8%B2%E0%B8%A2%E0%B9%82%E0%B8%99%E0%B9%89%E0%B8%95%E0%B8%9A%E0%B8%B8%E0%B9%8A%E0%B8%81/","index, follow (default)","Indexable (200 build)","/บทความ/","2","18","Unique body; 3743 chars","เช็คลิสต์ 7 ข้อ เตรียมโน้ตบุ๊คก่อนขายให้ประเมินได้แม่นขึ้น","none found","Tier A","ENRICH","YES"
"/บทความ/เทิร์นเครื่องศูนย์-vs-ขายร้านรับซื้อ/","Blog","เทิร์นเครื่องที่ศูนย์ vs ขายร้านรับซื้อ | WINNER IT","เทิร์นเครื่องที่ศูนย์ vs ขายร้านรับซื้อ อันไหนได้เงินมากกว่า","https://xn--12cb0a0clbb5eueac5b7cya1nrb2eh.com/%E0%B8%9A%E0%B8%97%E0%B8%84%E0%B8%A7%E0%B8%B2%E0%B8%A1/%E0%B9%80%E0%B8%97%E0%B8%B4%E0%B8%A3%E0%B9%8C%E0%B8%99%E0%B9%80%E0%B8%84%E0%B8%A3%E0%B8%B7%E0%B9%88%E0%B8%AD%E0%B8%87%E0%B8%A8%E0%B8%B9%E0%B8%99%E0%B8%A2%E0%B9%8C-vs-%E0%B8%82%E0%B8%B2%E0%B8%A2%E0%B8%A3%E0%B9%89%E0%B8%B2%E0%B8%99%E0%B8%A3%E0%B8%B1%E0%B8%9A%E0%B8%8B%E0%B8%B7%E0%B9%89%E0%B8%AD/","index, follow (default)","Indexable (200 build)","/บทความ/","1","18","Unique body; 3121 chars","เทิร์นเครื่องที่ศูนย์ vs ขายร้านรับซื้อ อันไหนได้เงินมากกว่า","none found","Tier B","KEEP","YES"
"/บทความ/เอกสารขายของไอที/","Blog","เอกสารที่ต้องใช้ขายของไอที | WINNER IT ขอนแก่น","เอกสารที่ต้องใช้ตอนขายของไอทีให้ร้านรับซื้อ ครบทุกกรณี","https://xn--12cb0a0clbb5eueac5b7cya1nrb2eh.com/%E0%B8%9A%E0%B8%97%E0%B8%84%E0%B8%A7%E0%B8%B2%E0%B8%A1/%E0%B9%80%E0%B8%AD%E0%B8%81%E0%B8%AA%E0%B8%B2%E0%B8%A3%E0%B8%82%E0%B8%B2%E0%B8%A2%E0%B8%82%E0%B8%AD%E0%B8%87%E0%B9%84%E0%B8%AD%E0%B8%97%E0%B8%B5/","index, follow (default)","Indexable (200 build)","/บทความ/","2","19","Unique body; 3576 chars","เอกสารที่ต้องใช้ตอนขายของไอทีให้ร้านรับซื้อ ครบทุกกรณี","none found","Tier B","KEEP","YES"
"/พื้นที่ให้บริการ/","Static","พื้นที่ให้บริการ | WINNER IT ขอนแก่น","พื้นที่ให้บริการในจังหวัดขอนแก่น","https://xn--12cb0a0clbb5eueac5b7cya1nrb2eh.com/%E0%B8%9E%E0%B8%B7%E0%B9%89%E0%B8%99%E0%B8%97%E0%B8%B5%E0%B9%88%E0%B9%83%E0%B8%AB%E0%B9%89%E0%B8%9A%E0%B8%A3%E0%B8%B4%E0%B8%81%E0%B8%B2%E0%B8%A3/","index, follow (default)","Indexable (200 build)","/","86","25","Unique body; 1677 chars","พื้นที่ให้บริการในจังหวัดขอนแก่น","none found","Tier A","ENRICH","YES"
"/รับซื้อ-acer-ขอนแก่น/","Brand","รับซื้อ Acer ขอนแก่น Aspire Swift Nitro Predator | WINNER IT","รับซื้อ Acer ขอนแก่น Aspire Swift Nitro Predator","https://xn--12cb0a0clbb5eueac5b7cya1nrb2eh.com/%E0%B8%A3%E0%B8%B1%E0%B8%9A%E0%B8%8B%E0%B8%B7%E0%B9%89%E0%B8%AD-acer-%E0%B8%82%E0%B8%AD%E0%B8%99%E0%B9%81%E0%B8%81%E0%B9%88%E0%B8%99/","index, follow (default)","Indexable (200 build)","/รับซื้อโน้ตบุ๊ก-ขอนแก่น/","3","22","Unique body; 2178 chars","รับซื้อ Acer ขอนแก่น Aspire Swift Nitro Predator","none found","Tier B","KEEP","YES"
"/รับซื้อ-asus-ขอนแก่น/","Brand","รับซื้อ ASUS ขอนแก่น Zenbook Vivobook TUF ROG | WINNER IT","รับซื้อ ASUS ขอนแก่น Zenbook Vivobook TUF ROG","https://xn--12cb0a0clbb5eueac5b7cya1nrb2eh.com/%E0%B8%A3%E0%B8%B1%E0%B8%9A%E0%B8%8B%E0%B8%B7%E0%B9%89%E0%B8%AD-asus-%E0%B8%82%E0%B8%AD%E0%B8%99%E0%B9%81%E0%B8%81%E0%B9%88%E0%B8%99/","index, follow (default)","Indexable (200 build)","/รับซื้อโน้ตบุ๊ก-ขอนแก่น/","4","22","Unique body; 2196 chars","รับซื้อ ASUS ขอนแก่น Zenbook Vivobook TUF ROG","none found","Tier B","KEEP","YES"
"/รับซื้อ-cpu-ขอนแก่น/","Model","รับซื้อ CPU ขอนแก่น Intel AMD Ryzen Core | WINNER IT","รับซื้อ CPU ขอนแก่น Intel AMD แยกรุ่นและเจนชัดเจน","https://xn--12cb0a0clbb5eueac5b7cya1nrb2eh.com/%E0%B8%A3%E0%B8%B1%E0%B8%9A%E0%B8%8B%E0%B8%B7%E0%B9%89%E0%B8%AD-cpu-%E0%B8%82%E0%B8%AD%E0%B8%99%E0%B9%81%E0%B8%81%E0%B9%88%E0%B8%99/","index, follow (default)","Indexable (200 build)","/รับซื้อคอมพิวเตอร์-ขอนแก่น/","4","20","Unique body; 1575 chars","รับซื้อ CPU ขอนแก่น Intel AMD แยกรุ่นและเจนชัดเจน","none found","Tier B","KEEP","YES"
"/รับซื้อ-dell-ขอนแก่น/","Brand","รับซื้อ Dell ขอนแก่น Latitude XPS Alienware | WINNER IT","รับซื้อ Dell ขอนแก่น Latitude XPS Alienware และจอ Dell","https://xn--12cb0a0clbb5eueac5b7cya1nrb2eh.com/%E0%B8%A3%E0%B8%B1%E0%B8%9A%E0%B8%8B%E0%B8%B7%E0%B9%89%E0%B8%AD-dell-%E0%B8%82%E0%B8%AD%E0%B8%99%E0%B9%81%E0%B8%81%E0%B9%88%E0%B8%99/","index, follow (default)","Indexable (200 build)","/รับซื้อโน้ตบุ๊ก-ขอนแก่น/","4","22","Unique body; 2332 chars","รับซื้อ Dell ขอนแก่น Latitude XPS Alienware และจอ Dell","none found","Tier B","KEEP","YES"
"/รับซื้อ-hp-ขอนแก่น/","Brand","รับซื้อ HP ขอนแก่น Pavilion Envy EliteBook Omen | WINNER IT","รับซื้อ HP ขอนแก่น Pavilion Envy EliteBook Omen Victus","https://xn--12cb0a0clbb5eueac5b7cya1nrb2eh.com/%E0%B8%A3%E0%B8%B1%E0%B8%9A%E0%B8%8B%E0%B8%B7%E0%B9%89%E0%B8%AD-hp-%E0%B8%82%E0%B8%AD%E0%B8%99%E0%B9%81%E0%B8%81%E0%B9%88%E0%B8%99/","index, follow (default)","Indexable (200 build)","/รับซื้อโน้ตบุ๊ก-ขอนแก่น/","3","21","Unique body; 2171 chars","รับซื้อ HP ขอนแก่น Pavilion Envy EliteBook Omen Victus","none found","Tier B","KEEP","YES"
"/รับซื้อ-ipad-air-ขอนแก่น/","Model","รับซื้อ iPad Air ขอนแก่น Air 4 Air 5 Air M2 | WINNER IT","รับซื้อ iPad Air ขอนแก่น รุ่นเรียนและทำงานยอดนิยม","https://xn--12cb0a0clbb5eueac5b7cya1nrb2eh.com/%E0%B8%A3%E0%B8%B1%E0%B8%9A%E0%B8%8B%E0%B8%B7%E0%B9%89%E0%B8%AD-ipad-air-%E0%B8%82%E0%B8%AD%E0%B8%99%E0%B9%81%E0%B8%81%E0%B9%88%E0%B8%99/","index, follow (default)","Indexable (200 build)","/รับซื้อ-ipad-แท็บเล็ต-ขอนแก่น/","4","20","Unique body; 1318 chars","รับซื้อ iPad Air ขอนแก่น รุ่นเรียนและทำงานยอดนิยม","none found","Tier B","KEEP","YES"
"/รับซื้อ-ipad-gen-ขอนแก่น/","Model","รับซื้อ iPad Gen ขอนแก่น รุ่นนักเรียน นักศึกษา | WINNER IT","รับซื้อ iPad Gen ขอนแก่น รุ่นเรียนออนไลน์และจดโน้ต","https://xn--12cb0a0clbb5eueac5b7cya1nrb2eh.com/%E0%B8%A3%E0%B8%B1%E0%B8%9A%E0%B8%8B%E0%B8%B7%E0%B9%89%E0%B8%AD-ipad-gen-%E0%B8%82%E0%B8%AD%E0%B8%99%E0%B9%81%E0%B8%81%E0%B9%88%E0%B8%99/","index, follow (default)","Indexable (200 build)","/รับซื้อ-ipad-แท็บเล็ต-ขอนแก่น/","4","21","Unique body; 1483 chars","รับซื้อ iPad Gen ขอนแก่น รุ่นเรียนออนไลน์และจดโน้ต","none found","Tier B","KEEP","YES"
"/รับซื้อ-ipad-mini-ขอนแก่น/","Model","รับซื้อ iPad mini ขอนแก่น mini 5 mini 6 mini A17 Pro | WINNER IT","รับซื้อ iPad mini ขอนแก่น รุ่นเล็กพกง่ายที่ยังมีตลาดเฉพาะ","https://xn--12cb0a0clbb5eueac5b7cya1nrb2eh.com/%E0%B8%A3%E0%B8%B1%E0%B8%9A%E0%B8%8B%E0%B8%B7%E0%B9%89%E0%B8%AD-ipad-mini-%E0%B8%82%E0%B8%AD%E0%B8%99%E0%B9%81%E0%B8%81%E0%B9%88%E0%B8%99/","index, follow (default)","Indexable (200 build)","/รับซื้อ-ipad-แท็บเล็ต-ขอนแก่น/","2","20","Unique body; 1347 chars","รับซื้อ iPad mini ขอนแก่น รุ่นเล็กพกง่ายที่ยังมีตลาดเฉพาะ","none found","Tier B","KEEP","YES"
"/รับซื้อ-ipad-pro-ขอนแก่น/","Model","รับซื้อ iPad Pro ขอนแก่น M1 M2 M4 11 นิ้ว 12.9 นิ้ว | WINNER IT","รับซื้อ iPad Pro ขอนแก่น รุ่นจอใหญ่และชิป M ราคาดี","https://xn--12cb0a0clbb5eueac5b7cya1nrb2eh.com/%E0%B8%A3%E0%B8%B1%E0%B8%9A%E0%B8%8B%E0%B8%B7%E0%B9%89%E0%B8%AD-ipad-pro-%E0%B8%82%E0%B8%AD%E0%B8%99%E0%B9%81%E0%B8%81%E0%B9%88%E0%B8%99/","index, follow (default)","Indexable (200 build)","/รับซื้อ-ipad-แท็บเล็ต-ขอนแก่น/","3","20","Unique body; 1367 chars","รับซื้อ iPad Pro ขอนแก่น รุ่นจอใหญ่และชิป M ราคาดี","none found","Tier B","KEEP","YES"
"/รับซื้อ-ipad-แท็บเล็ต-ขอนแก่น/","Category","รับซื้อ iPad ขอนแก่น Air Pro Mini และแท็บเล็ต | WINNER IT","รับซื้อ iPad ขอนแก่น Air Pro ทุก Gen แท็บเล็ตทุกยี่ห้อ จ่ายสดหรือโอนหน้างาน","https://xn--12cb0a0clbb5eueac5b7cya1nrb2eh.com/%E0%B8%A3%E0%B8%B1%E0%B8%9A%E0%B8%8B%E0%B8%B7%E0%B9%89%E0%B8%AD-ipad-%E0%B9%81%E0%B8%97%E0%B9%87%E0%B8%9A%E0%B9%80%E0%B8%A5%E0%B9%87%E0%B8%95-%E0%B8%82%E0%B8%AD%E0%B8%99%E0%B9%81%E0%B8%81%E0%B9%88%E0%B8%99/","index, follow (default)","Indexable (200 build)","/","18","22","Unique body; 6553 chars","รับซื้อ iPad ขอนแก่น Air Pro ทุก Gen แท็บเล็ตทุกยี่ห้อ จ่ายสดหรือโอนหน้างาน","none found","Tier A","ENRICH","YES"
"/รับซื้อ-iphone-ขอนแก่น/","Category","รับซื้อ iPhone ขอนแก่น ทุกรุ่น iPhone 15 16 จ่ายสดหน้างาน | WINNER IT","รับซื้อ iPhone ขอนแก่น ทุกรุ่น iPhone 16 ถึง iPhone เก่า จ่ายสดหรือโอนหน้างาน","https://xn--12cb0a0clbb5eueac5b7cya1nrb2eh.com/%E0%B8%A3%E0%B8%B1%E0%B8%9A%E0%B8%8B%E0%B8%B7%E0%B9%89%E0%B8%AD-iphone-%E0%B8%82%E0%B8%AD%E0%B8%99%E0%B9%81%E0%B8%81%E0%B9%88%E0%B8%99/","index, follow (default)","Indexable (200 build)","/","86","24","Unique body; 6383 chars","รับซื้อ iPhone ขอนแก่น ทุกรุ่น iPhone 16 ถึง iPhone เก่า จ่ายสดหรือโอนหน้างาน","iphone_price","Tier A","ENRICH","YES"
"/รับซื้อ-lenovo-ขอนแก่น/","Brand","รับซื้อ Lenovo ขอนแก่น ThinkPad IdeaPad Legion | WINNER IT","รับซื้อ Lenovo ขอนแก่น ThinkPad IdeaPad Yoga Legion","https://xn--12cb0a0clbb5eueac5b7cya1nrb2eh.com/%E0%B8%A3%E0%B8%B1%E0%B8%9A%E0%B8%8B%E0%B8%B7%E0%B9%89%E0%B8%AD-lenovo-%E0%B8%82%E0%B8%AD%E0%B8%99%E0%B9%81%E0%B8%81%E0%B9%88%E0%B8%99/","index, follow (default)","Indexable (200 build)","/รับซื้อโน้ตบุ๊ก-ขอนแก่น/","4","22","Unique body; 2249 chars","รับซื้อ Lenovo ขอนแก่น ThinkPad IdeaPad Yoga Legion","none found","Tier B","KEEP","YES"
"/รับซื้อ-macbook-air-ขอนแก่น/","Model","รับซื้อ MacBook Air ขอนแก่น M1 M2 M3 Intel | WINNER IT","รับซื้อ MacBook Air ขอนแก่น รุ่นบางเบาที่ตลาดต้องการสูง","https://xn--12cb0a0clbb5eueac5b7cya1nrb2eh.com/%E0%B8%A3%E0%B8%B1%E0%B8%9A%E0%B8%8B%E0%B8%B7%E0%B9%89%E0%B8%AD-macbook-air-%E0%B8%82%E0%B8%AD%E0%B8%99%E0%B9%81%E0%B8%81%E0%B9%88%E0%B8%99/","index, follow (default)","Indexable (200 build)","/รับซื้อ-macbook-ขอนแก่น/","5","19","Unique body; 1470 chars","รับซื้อ MacBook Air ขอนแก่น รุ่นบางเบาที่ตลาดต้องการสูง","none found","Tier B","KEEP","YES"
"/รับซื้อ-macbook-intel-ขอนแก่น/","Model","รับซื้อ MacBook Intel ขอนแก่น Air Pro iMac Intel | WINNER IT","รับซื้อ MacBook Intel ขอนแก่น ยังขายได้ถ้าสภาพและปีเหมาะสม","https://xn--12cb0a0clbb5eueac5b7cya1nrb2eh.com/%E0%B8%A3%E0%B8%B1%E0%B8%9A%E0%B8%8B%E0%B8%B7%E0%B9%89%E0%B8%AD-macbook-intel-%E0%B8%82%E0%B8%AD%E0%B8%99%E0%B9%81%E0%B8%81%E0%B9%88%E0%B8%99/","index, follow (default)","Indexable (200 build)","/รับซื้อ-macbook-ขอนแก่น/","2","20","Unique body; 1602 chars","รับซื้อ MacBook Intel ขอนแก่น ยังขายได้ถ้าสภาพและปีเหมาะสม","none found","Tier B","KEEP","YES"
"/รับซื้อ-macbook-m1-m5-ขอนแก่น/","Model","รับซื้อ MacBook M1 M2 M3 M4 M5 ขอนแก่น | WINNER IT","รับซื้อ MacBook M1–M5 ขอนแก่น แยกมูลค่าตามชิปและสเปก","https://xn--12cb0a0clbb5eueac5b7cya1nrb2eh.com/%E0%B8%A3%E0%B8%B1%E0%B8%9A%E0%B8%8B%E0%B8%B7%E0%B9%89%E0%B8%AD-macbook-m1-m5-%E0%B8%82%E0%B8%AD%E0%B8%99%E0%B9%81%E0%B8%81%E0%B9%88%E0%B8%99/","index, follow (default)","Indexable (200 build)","/รับซื้อ-macbook-ขอนแก่น/","3","19","Unique body; 1424 chars","รับซื้อ MacBook M1–M5 ขอนแก่น แยกมูลค่าตามชิปและสเปก","none found","Tier B","KEEP","YES"
"/รับซื้อ-macbook-pro-ขอนแก่น/","Model","รับซื้อ MacBook Pro ขอนแก่น M1 M2 M3 M4 Intel | WINNER IT","รับซื้อ MacBook Pro ขอนแก่น รุ่นทำงานโปรให้ราคาตามสเปกจริง","https://xn--12cb0a0clbb5eueac5b7cya1nrb2eh.com/%E0%B8%A3%E0%B8%B1%E0%B8%9A%E0%B8%8B%E0%B8%B7%E0%B9%89%E0%B8%AD-macbook-pro-%E0%B8%82%E0%B8%AD%E0%B8%99%E0%B9%81%E0%B8%81%E0%B9%88%E0%B8%99/","index, follow (default)","Indexable (200 build)","/รับซื้อ-macbook-ขอนแก่น/","4","19","Unique body; 1448 chars","รับซื้อ MacBook Pro ขอนแก่น รุ่นทำงานโปรให้ราคาตามสเปกจริง","none found","Tier B","KEEP","YES"
"/รับซื้อ-macbook-ขอนแก่น/","Category","รับซื้อ MacBook ขอนแก่น ประเมินตามรุ่นและสภาพ | WINNER IT","รับซื้อ MacBook ขอนแก่น ชิป M ทุกรุ่น อิงราคาตลาดและสภาพจริง","https://xn--12cb0a0clbb5eueac5b7cya1nrb2eh.com/%E0%B8%A3%E0%B8%B1%E0%B8%9A%E0%B8%8B%E0%B8%B7%E0%B9%89%E0%B8%AD-macbook-%E0%B8%82%E0%B8%AD%E0%B8%99%E0%B9%81%E0%B8%81%E0%B9%88%E0%B8%99/","index, follow (default)","Indexable (200 build)","/","86","25","Unique body; 7031 chars","รับซื้อ MacBook ขอนแก่น ชิป M ทุกรุ่น อิงราคาตลาดและสภาพจริง","none found","Tier A","ENRICH","YES"
"/รับซื้อ-msi-ขอนแก่น/","Brand","รับซื้อ MSI ขอนแก่น Gaming Notebook การ์ดจอ จอเกมมิ่ง | WINNER IT","รับซื้อ MSI ขอนแก่น โน้ตบุ๊คเกมมิ่ง การ์ดจอ และจอเกมมิ่ง","https://xn--12cb0a0clbb5eueac5b7cya1nrb2eh.com/%E0%B8%A3%E0%B8%B1%E0%B8%9A%E0%B8%8B%E0%B8%B7%E0%B9%89%E0%B8%AD-msi-%E0%B8%82%E0%B8%AD%E0%B8%99%E0%B9%81%E0%B8%81%E0%B9%88%E0%B8%99/","index, follow (default)","Indexable (200 build)","/รับซื้อโน้ตบุ๊ก-ขอนแก่น/","4","22","Unique body; 2135 chars","รับซื้อ MSI ขอนแก่น โน้ตบุ๊คเกมมิ่ง การ์ดจอ และจอเกมมิ่ง","none found","Tier B","KEEP","YES"
"/รับซื้อ-ram-ssd-ขอนแก่น/","Model","รับซื้อ RAM SSD ขอนแก่น DDR4 DDR5 NVMe SATA | WINNER IT","รับซื้อ RAM/SSD ขอนแก่น ขายเดี่ยวหรือพ่วงชุดคอมได้","https://xn--12cb0a0clbb5eueac5b7cya1nrb2eh.com/%E0%B8%A3%E0%B8%B1%E0%B8%9A%E0%B8%8B%E0%B8%B7%E0%B9%89%E0%B8%AD-ram-ssd-%E0%B8%82%E0%B8%AD%E0%B8%99%E0%B9%81%E0%B8%81%E0%B9%88%E0%B8%99/","index, follow (default)","Indexable (200 build)","/รับซื้อคอมพิวเตอร์-ขอนแก่น/","3","20","Unique body; 1552 chars","รับซื้อ RAM/SSD ขอนแก่น ขายเดี่ยวหรือพ่วงชุดคอมได้","none found","Tier B","KEEP","YES"
"/รับซื้อ-rtx-30-series-ขอนแก่น/","Model","รับซื้อ RTX 30 Series ขอนแก่น 3060 3070 3080 3090 | WINNER IT","รับซื้อ RTX 30 Series ขอนแก่น เช็กประกันและประวัติใช้งาน","https://xn--12cb0a0clbb5eueac5b7cya1nrb2eh.com/%E0%B8%A3%E0%B8%B1%E0%B8%9A%E0%B8%8B%E0%B8%B7%E0%B9%89%E0%B8%AD-rtx-30-series-%E0%B8%82%E0%B8%AD%E0%B8%99%E0%B9%81%E0%B8%81%E0%B9%88%E0%B8%99/","index, follow (default)","Indexable (200 build)","/รับซื้อการ์ดจอ-ขอนแก่น/","2","21","Unique body; 1574 chars","รับซื้อ RTX 30 Series ขอนแก่น เช็กประกันและประวัติใช้งาน","none found","Tier B","KEEP","YES"
"/รับซื้อ-rtx-40-series-ขอนแก่น/","Model","รับซื้อ RTX 40 Series ขอนแก่น 4060 4070 4080 4090 | WINNER IT","รับซื้อ RTX 40 Series ขอนแก่น รุ่นใหม่ราคายืนกว่าเมื่อประกันครบ","https://xn--12cb0a0clbb5eueac5b7cya1nrb2eh.com/%E0%B8%A3%E0%B8%B1%E0%B8%9A%E0%B8%8B%E0%B8%B7%E0%B9%89%E0%B8%AD-rtx-40-series-%E0%B8%82%E0%B8%AD%E0%B8%99%E0%B9%81%E0%B8%81%E0%B9%88%E0%B8%99/","index, follow (default)","Indexable (200 build)","/รับซื้อการ์ดจอ-ขอนแก่น/","7","22","Unique body; 1767 chars","รับซื้อ RTX 40 Series ขอนแก่น รุ่นใหม่ราคายืนกว่าเมื่อประกันครบ","none found","Tier B","KEEP","YES"
"/รับซื้อ-rtx-50-series-ขอนแก่น/","Model","รับซื้อ RTX 50 Series ขอนแก่น รุ่นใหม่ประกันครบ | WINNER IT","รับซื้อ RTX 50 Series ขอนแก่น ใช้ราคาตลาดจริง ไม่เดาราคาล่วงหน้า","https://xn--12cb0a0clbb5eueac5b7cya1nrb2eh.com/%E0%B8%A3%E0%B8%B1%E0%B8%9A%E0%B8%8B%E0%B8%B7%E0%B9%89%E0%B8%AD-rtx-50-series-%E0%B8%82%E0%B8%AD%E0%B8%99%E0%B9%81%E0%B8%81%E0%B9%88%E0%B8%99/","index, follow (default)","Indexable (200 build)","/รับซื้อการ์ดจอ-ขอนแก่น/","4","20","Unique body; 1453 chars","รับซื้อ RTX 50 Series ขอนแก่น ใช้ราคาตลาดจริง ไม่เดาราคาล่วงหน้า","none found","Tier B","KEEP","YES"
"/รับซื้อ-workstation-ขอนแก่น/","Model","รับซื้อ Workstation ขอนแก่น Dell Precision HP Z Lenovo P | WINNER IT","รับซื้อ Workstation ขอนแก่น เครื่องงานหนักต้องตีราคาตามสเปกจริง","https://xn--12cb0a0clbb5eueac5b7cya1nrb2eh.com/%E0%B8%A3%E0%B8%B1%E0%B8%9A%E0%B8%8B%E0%B8%B7%E0%B9%89%E0%B8%AD-workstation-%E0%B8%82%E0%B8%AD%E0%B8%99%E0%B9%81%E0%B8%81%E0%B9%88%E0%B8%99/","index, follow (default)","Indexable (200 build)","/รับซื้อคอมพิวเตอร์-ขอนแก่น/","7","21","Unique body; 1880 chars","รับซื้อ Workstation ขอนแก่น เครื่องงานหนักต้องตีราคาตามสเปกจริง","none found","Tier B","KEEP","YES"
"/รับซื้อกล้อง-ขอนแก่น/","Category","รับซื้อกล้อง ขอนแก่น เลนส์ Mirrorless DSLR | WINNER IT","รับซื้อกล้อง ขอนแก่น เลนส์ โดรน ตีราคาแฟร์ จ่ายสดถึงมือ","https://xn--12cb0a0clbb5eueac5b7cya1nrb2eh.com/%E0%B8%A3%E0%B8%B1%E0%B8%9A%E0%B8%8B%E0%B8%B7%E0%B9%89%E0%B8%AD%E0%B8%81%E0%B8%A5%E0%B9%89%E0%B8%AD%E0%B8%87-%E0%B8%82%E0%B8%AD%E0%B8%99%E0%B9%81%E0%B8%81%E0%B9%88%E0%B8%99/","index, follow (default)","Indexable (200 build)","/","86","18","Unique body; 5328 chars","รับซื้อกล้อง ขอนแก่น เลนส์ โดรน ตีราคาแฟร์ จ่ายสดถึงมือ","none found","Tier B","KEEP","YES"
"/รับซื้อการ์ดจอ-ขอนแก่น/","Category","รับซื้อการ์ดจอ ขอนแก่น RTX RX ทุกรุ่น ประเมินตามตลาดจริง | WINNER IT","รับซื้อการ์ดจอ ขอนแก่น RTX RX ทุกรุ่น ราคาอิงตลาดจริง","https://xn--12cb0a0clbb5eueac5b7cya1nrb2eh.com/%E0%B8%A3%E0%B8%B1%E0%B8%9A%E0%B8%8B%E0%B8%B7%E0%B9%89%E0%B8%AD%E0%B8%81%E0%B8%B2%E0%B8%A3%E0%B9%8C%E0%B8%94%E0%B8%88%E0%B8%AD-%E0%B8%82%E0%B8%AD%E0%B8%99%E0%B9%81%E0%B8%81%E0%B9%88%E0%B8%99/","index, follow (default)","Indexable (200 build)","/","16","24","Unique body; 6701 chars","รับซื้อการ์ดจอ ขอนแก่น RTX RX ทุกรุ่น ราคาอิงตลาดจริง","none found","Tier A","ENRICH","YES"
"/รับซื้อคอมพิวเตอร์-ขอนแก่น/","Category","รับซื้อคอมพิวเตอร์ ขอนแก่น คอมประกอบ PC iMac ยกชุดก็รับ | WINNER IT","รับซื้อคอมพิวเตอร์ ขอนแก่น ยกชุดหรือแยกชิ้น จ่ายสดถึงบ้าน","https://xn--12cb0a0clbb5eueac5b7cya1nrb2eh.com/%E0%B8%A3%E0%B8%B1%E0%B8%9A%E0%B8%8B%E0%B8%B7%E0%B9%89%E0%B8%AD%E0%B8%84%E0%B8%AD%E0%B8%A1%E0%B8%9E%E0%B8%B4%E0%B8%A7%E0%B9%80%E0%B8%95%E0%B8%AD%E0%B8%A3%E0%B9%8C-%E0%B8%82%E0%B8%AD%E0%B8%99%E0%B9%81%E0%B8%81%E0%B9%88%E0%B8%99/","index, follow (default)","Indexable (200 build)","/","86","27","Unique body; 6679 chars","รับซื้อคอมพิวเตอร์ ขอนแก่น ยกชุดหรือแยกชิ้น จ่ายสดถึงบ้าน","none found","Tier A","ENRICH","YES"
"/รับซื้อคอมยกล็อต-ขอนแก่น/","Model","รับซื้อคอมยกล็อต ขอนแก่น สำนักงานและร้านเกม | WINNER IT","รับซื้อคอมพิวเตอร์ยกล็อต ขอนแก่น ประเมินรายเครื่องตามสเปกจริง","https://xn--12cb0a0clbb5eueac5b7cya1nrb2eh.com/%E0%B8%A3%E0%B8%B1%E0%B8%9A%E0%B8%8B%E0%B8%B7%E0%B9%89%E0%B8%AD%E0%B8%84%E0%B8%AD%E0%B8%A1%E0%B8%A2%E0%B8%81%E0%B8%A5%E0%B9%87%E0%B8%AD%E0%B8%95-%E0%B8%82%E0%B8%AD%E0%B8%99%E0%B9%81%E0%B8%81%E0%B9%88%E0%B8%99/","index, follow (default)","Indexable (200 build)","/รับเหมาอุปกรณ์ไอที-ขอนแก่น/","4","21","Unique body; 1647 chars","รับซื้อคอมพิวเตอร์ยกล็อต ขอนแก่น ประเมินรายเครื่องตามสเปกจริง","none found","Tier B","KEEP","YES"
"/รับซื้อคอมสำนักงาน-ขอนแก่น/","Model","รับซื้อคอมสำนักงาน ขอนแก่น Dell HP Lenovo ยกชุด | WINNER IT","รับซื้อคอมสำนักงานขอนแก่น เหมาะกับบริษัทที่ปลดระวางเครื่อง","https://xn--12cb0a0clbb5eueac5b7cya1nrb2eh.com/%E0%B8%A3%E0%B8%B1%E0%B8%9A%E0%B8%8B%E0%B8%B7%E0%B9%89%E0%B8%AD%E0%B8%84%E0%B8%AD%E0%B8%A1%E0%B8%AA%E0%B8%B3%E0%B8%99%E0%B8%B1%E0%B8%81%E0%B8%87%E0%B8%B2%E0%B8%99-%E0%B8%82%E0%B8%AD%E0%B8%99%E0%B9%81%E0%B8%81%E0%B9%88%E0%B8%99/","index, follow (default)","Indexable (200 build)","/รับซื้อคอมพิวเตอร์-ขอนแก่น/","8","21","Unique body; 1836 chars","รับซื้อคอมสำนักงานขอนแก่น เหมาะกับบริษัทที่ปลดระวางเครื่อง","none found","Tier B","KEEP","YES"
"/รับซื้อคอมเกมมิ่ง-ขอนแก่น/","Model","รับซื้อคอมเกมมิ่ง ขอนแก่น PC RTX Ryzen Intel | WINNER IT","รับซื้อคอมเกมมิ่งขอนแก่น แยกราคาตามอะไหล่จริง","https://xn--12cb0a0clbb5eueac5b7cya1nrb2eh.com/%E0%B8%A3%E0%B8%B1%E0%B8%9A%E0%B8%8B%E0%B8%B7%E0%B9%89%E0%B8%AD%E0%B8%84%E0%B8%AD%E0%B8%A1%E0%B9%80%E0%B8%81%E0%B8%A1%E0%B8%A1%E0%B8%B4%E0%B9%88%E0%B8%87-%E0%B8%82%E0%B8%AD%E0%B8%99%E0%B9%81%E0%B8%81%E0%B9%88%E0%B8%99/","index, follow (default)","Indexable (200 build)","/รับซื้อคอมพิวเตอร์-ขอนแก่น/","8","21","Unique body; 1727 chars","รับซื้อคอมเกมมิ่งขอนแก่น แยกราคาตามอะไหล่จริง","none found","Tier B","KEEP","YES"
"/รับซื้อจอคอม-ขอนแก่น/","Category","รับซื้อจอคอม ขอนแก่น จอเกมมิ่ง 4K UltraWide | WINNER IT","รับซื้อจอคอม ขอนแก่น เกมมิ่ง 144Hz 4K UltraWide จ่ายสดถึงบ้าน","https://xn--12cb0a0clbb5eueac5b7cya1nrb2eh.com/%E0%B8%A3%E0%B8%B1%E0%B8%9A%E0%B8%8B%E0%B8%B7%E0%B9%89%E0%B8%AD%E0%B8%88%E0%B8%AD%E0%B8%84%E0%B8%AD%E0%B8%A1-%E0%B8%82%E0%B8%AD%E0%B8%99%E0%B9%81%E0%B8%81%E0%B9%88%E0%B8%99/","index, follow (default)","Indexable (200 build)","/","17","19","Unique body; 5682 chars","รับซื้อจอคอม ขอนแก่น เกมมิ่ง 144Hz 4K UltraWide จ่ายสดถึงบ้าน","none found","Tier B","KEEP","YES"
"/รับซื้อมือถือ-ขอนแก่น/","Category","รับซื้อมือถือ ขอนแก่น iPhone iPad Samsung จ่ายสดหน้างาน | WINNER IT","รับซื้อมือถือ ขอนแก่น iPhone iPad ทุกรุ่น จ่ายสดหน้างาน","https://xn--12cb0a0clbb5eueac5b7cya1nrb2eh.com/%E0%B8%A3%E0%B8%B1%E0%B8%9A%E0%B8%8B%E0%B8%B7%E0%B9%89%E0%B8%AD%E0%B8%A1%E0%B8%B7%E0%B8%AD%E0%B8%96%E0%B8%B7%E0%B8%AD-%E0%B8%82%E0%B8%AD%E0%B8%99%E0%B9%81%E0%B8%81%E0%B9%88%E0%B8%99/","index, follow (default)","Indexable (200 build)","/","86","22","Unique body; 6288 chars","รับซื้อมือถือ ขอนแก่น iPhone iPad ทุกรุ่น จ่ายสดหน้างาน","none found","Tier B","KEEP","YES"
"/รับซื้อสมาร์ทวอทช์-ขอนแก่น/","Category","รับซื้อสมาร์ทวอทช์ ขอนแก่น Apple Galaxy | WINNER IT","รับซื้อ Apple Watch ขอนแก่น Galaxy Watch สมาร์ทวอทช์ทุกรุ่น จ่ายสดหรือโอนหน้างาน","https://xn--12cb0a0clbb5eueac5b7cya1nrb2eh.com/%E0%B8%A3%E0%B8%B1%E0%B8%9A%E0%B8%8B%E0%B8%B7%E0%B9%89%E0%B8%AD%E0%B8%AA%E0%B8%A1%E0%B8%B2%E0%B8%A3%E0%B9%8C%E0%B8%97%E0%B8%A7%E0%B8%AD%E0%B8%97%E0%B8%8A%E0%B9%8C-%E0%B8%82%E0%B8%AD%E0%B8%99%E0%B9%81%E0%B8%81%E0%B9%88%E0%B8%99/","index, follow (default)","Indexable (200 build)","/","4","18","Unique body; 5636 chars","รับซื้อ Apple Watch ขอนแก่น Galaxy Watch สมาร์ทวอทช์ทุกรุ่น จ่ายสดหรือโอนหน้างาน","none found","Tier B","KEEP","YES"
"/รับซื้ออุปกรณ์ไอทีสำนักงาน-ขอนแก่น/","Category","รับซื้อไอทีสำนักงาน ขอนแก่น ปริ้นเตอร์ Server | WINNER IT","รับซื้ออุปกรณ์ไอที ขอนแก่น ครบทุกชนิด เหมายกออฟฟิศก็จบไว","https://xn--12cb0a0clbb5eueac5b7cya1nrb2eh.com/%E0%B8%A3%E0%B8%B1%E0%B8%9A%E0%B8%8B%E0%B8%B7%E0%B9%89%E0%B8%AD%E0%B8%AD%E0%B8%B8%E0%B8%9B%E0%B8%81%E0%B8%A3%E0%B8%93%E0%B9%8C%E0%B9%84%E0%B8%AD%E0%B8%97%E0%B8%B5%E0%B8%AA%E0%B8%B3%E0%B8%99%E0%B8%B1%E0%B8%81%E0%B8%87%E0%B8%B2%E0%B8%99-%E0%B8%82%E0%B8%AD%E0%B8%99%E0%B9%81%E0%B8%81%E0%B9%88%E0%B8%99/","index, follow (default)","Indexable (200 build)","/","1","20","Unique body; 5525 chars","รับซื้ออุปกรณ์ไอที ขอนแก่น ครบทุกชนิด เหมายกออฟฟิศก็จบไว","none found","Tier B","KEEP","YES"
"/รับซื้อเครื่องเกม-ขอนแก่น/","Category","รับซื้อเครื่องเกม ขอนแก่น PS5 Nintendo Switch Xbox จ่ายสด | WINNER IT","รับซื้อเครื่องเกม ขอนแก่น PS5 Switch Xbox จ่ายสดถึงที่","https://xn--12cb0a0clbb5eueac5b7cya1nrb2eh.com/%E0%B8%A3%E0%B8%B1%E0%B8%9A%E0%B8%8B%E0%B8%B7%E0%B9%89%E0%B8%AD%E0%B9%80%E0%B8%84%E0%B8%A3%E0%B8%B7%E0%B9%88%E0%B8%AD%E0%B8%87%E0%B9%80%E0%B8%81%E0%B8%A1-%E0%B8%82%E0%B8%AD%E0%B8%99%E0%B9%81%E0%B8%81%E0%B9%88%E0%B8%99/","index, follow (default)","Indexable (200 build)","/","86","22","Unique body; 5534 chars","รับซื้อเครื่องเกม ขอนแก่น PS5 Switch Xbox จ่ายสดถึงที่","none found","Tier A","KEEP","YES"
"/รับซื้อแกดเจ็ต-ขอนแก่น/","Category","รับซื้อแกดเจ็ต ขอนแก่น หูฟัง ลำโพง อุปกรณ์เสริมไอที | WINNER IT","รับซื้อแกดเจ็ต ขอนแก่น หูฟัง ลำโพง อุปกรณ์เสริมไอที","https://xn--12cb0a0clbb5eueac5b7cya1nrb2eh.com/%E0%B8%A3%E0%B8%B1%E0%B8%9A%E0%B8%8B%E0%B8%B7%E0%B9%89%E0%B8%AD%E0%B9%81%E0%B8%81%E0%B8%94%E0%B9%80%E0%B8%88%E0%B9%87%E0%B8%95-%E0%B8%82%E0%B8%AD%E0%B8%99%E0%B9%81%E0%B8%81%E0%B9%88%E0%B8%99/","index, follow (default)","Indexable (200 build)","/","86","18","Unique body; 5170 chars","รับซื้อแกดเจ็ต ขอนแก่น หูฟัง ลำโพง อุปกรณ์เสริมไอที","none found","Tier B","KEEP","YES"
"/รับซื้อโดรน-gopro-ขอนแก่น/","Category","รับซื้อโดรน GoPro ขอนแก่น DJI Insta360 | WINNER IT","รับซื้อโดรน ขอนแก่น DJI GoPro Insta360 ทุกรุ่น จ่ายสดหรือโอนหน้างาน","https://xn--12cb0a0clbb5eueac5b7cya1nrb2eh.com/%E0%B8%A3%E0%B8%B1%E0%B8%9A%E0%B8%8B%E0%B8%B7%E0%B9%89%E0%B8%AD%E0%B9%82%E0%B8%94%E0%B8%A3%E0%B8%99-gopro-%E0%B8%82%E0%B8%AD%E0%B8%99%E0%B9%81%E0%B8%81%E0%B9%88%E0%B8%99/","index, follow (default)","Indexable (200 build)","/","2","17","Unique body; 5705 chars","รับซื้อโดรน ขอนแก่น DJI GoPro Insta360 ทุกรุ่น จ่ายสดหรือโอนหน้างาน","none found","Tier B","KEEP","YES"
"/รับซื้อโน้ตบุ๊ก-ipad-มข-กังสดาล/","Local","รับซื้อโน้ตบุ๊ค iPad แถว มข. กังสดาล สำหรับนักศึกษา | WINNER IT","รับซื้อโน้ตบุ๊ค iPad แถว มข. และกังสดาล","https://xn--12cb0a0clbb5eueac5b7cya1nrb2eh.com/%E0%B8%A3%E0%B8%B1%E0%B8%9A%E0%B8%8B%E0%B8%B7%E0%B9%89%E0%B8%AD%E0%B9%82%E0%B8%99%E0%B9%89%E0%B8%95%E0%B8%9A%E0%B8%B8%E0%B9%8A%E0%B8%81-ipad-%E0%B8%A1%E0%B8%82-%E0%B8%81%E0%B8%B1%E0%B8%87%E0%B8%AA%E0%B8%94%E0%B8%B2%E0%B8%A5/","index, follow (default)","Indexable (200 build)","/พื้นที่ให้บริการ/","4","20","Unique body; 2792 chars","รับซื้อโน้ตบุ๊ค iPad แถว มข. และกังสดาล","none found","Tier A","ENRICH","YES"
"/รับซื้อโน้ตบุ๊ก-ขอนแก่น/","Category","รับซื้อโน้ตบุ๊ค ขอนแก่น ส่งรูปประเมิน | WINNER IT","รับซื้อโน้ตบุ๊ค ขอนแก่น ประเมินตามรุ่นและสภาพ","https://xn--12cb0a0clbb5eueac5b7cya1nrb2eh.com/%E0%B8%A3%E0%B8%B1%E0%B8%9A%E0%B8%8B%E0%B8%B7%E0%B9%89%E0%B8%AD%E0%B9%82%E0%B8%99%E0%B9%89%E0%B8%95%E0%B8%9A%E0%B8%B8%E0%B9%8A%E0%B8%81-%E0%B8%82%E0%B8%AD%E0%B8%99%E0%B9%81%E0%B8%81%E0%B9%88%E0%B8%99/","index, follow (default)","Indexable (200 build)","/","86","30","Unique body; 7552 chars","รับซื้อโน้ตบุ๊ค ขอนแก่น ประเมินตามรุ่นและสภาพ","none found","Tier A","ENRICH","YES"
"/รับซื้อโน้ตบุ๊กจอแตก-ขอนแก่น/","Model","รับซื้อโน๊ตบุ๊คจอแตก ขอนแก่น จอมีเส้น จอดำ | WINNER IT","รับซื้อโน๊ตบุ๊คจอแตกขอนแก่น หักตามค่าจอจริง","https://xn--12cb0a0clbb5eueac5b7cya1nrb2eh.com/%E0%B8%A3%E0%B8%B1%E0%B8%9A%E0%B8%8B%E0%B8%B7%E0%B9%89%E0%B8%AD%E0%B9%82%E0%B8%99%E0%B9%89%E0%B8%95%E0%B8%9A%E0%B8%B8%E0%B9%8A%E0%B8%81%E0%B8%88%E0%B8%AD%E0%B9%81%E0%B8%95%E0%B8%81-%E0%B8%82%E0%B8%AD%E0%B8%99%E0%B9%81%E0%B8%81%E0%B9%88%E0%B8%99/","index, follow (default)","Indexable (200 build)","/รับซื้อโน้ตบุ๊ก-ขอนแก่น/","3","21","Unique body; 1727 chars","รับซื้อโน๊ตบุ๊คจอแตกขอนแก่น หักตามค่าจอจริง","screen_damage","Tier C","REVIEW","YES"
"/รับซื้อโน้ตบุ๊กเกมมิ่ง-ขอนแก่น/","Model","รับซื้อโน๊ตบุ๊คเกมมิ่ง ขอนแก่น ROG Legion Nitro MSI | WINNER IT","รับซื้อโน๊ตบุ๊คเกมมิ่งขอนแก่น ดู GPU และความร้อนเป็นหลัก","https://xn--12cb0a0clbb5eueac5b7cya1nrb2eh.com/%E0%B8%A3%E0%B8%B1%E0%B8%9A%E0%B8%8B%E0%B8%B7%E0%B9%89%E0%B8%AD%E0%B9%82%E0%B8%99%E0%B9%89%E0%B8%95%E0%B8%9A%E0%B8%B8%E0%B9%8A%E0%B8%81%E0%B9%80%E0%B8%81%E0%B8%A1%E0%B8%A1%E0%B8%B4%E0%B9%88%E0%B8%87-%E0%B8%82%E0%B8%AD%E0%B8%99%E0%B9%81%E0%B8%81%E0%B9%88%E0%B8%99/","index, follow (default)","Indexable (200 build)","/รับซื้อโน้ตบุ๊ก-ขอนแก่น/","6","21","Unique body; 1861 chars","รับซื้อโน๊ตบุ๊คเกมมิ่งขอนแก่น ดู GPU และความร้อนเป็นหลัก","none found","Tier B","KEEP","YES"
"/รับซื้อโน้ตบุ๊กเปิดไม่ติด-ขอนแก่น/","Model","รับซื้อโน้ตบุ๊คเปิดไม่ติด ขอนแก่น | WINNER IT","รับซื้อโน๊ตบุ๊คเปิดไม่ติดขอนแก่น ดูสาเหตุและอะไหล่ที่เหลือ","https://xn--12cb0a0clbb5eueac5b7cya1nrb2eh.com/%E0%B8%A3%E0%B8%B1%E0%B8%9A%E0%B8%8B%E0%B8%B7%E0%B9%89%E0%B8%AD%E0%B9%82%E0%B8%99%E0%B9%89%E0%B8%95%E0%B8%9A%E0%B8%B8%E0%B9%8A%E0%B8%81%E0%B9%80%E0%B8%9B%E0%B8%B4%E0%B8%94%E0%B9%84%E0%B8%A1%E0%B9%88%E0%B8%95%E0%B8%B4%E0%B8%94-%E0%B8%82%E0%B8%AD%E0%B8%99%E0%B9%81%E0%B8%81%E0%B9%88%E0%B8%99/","index, follow (default)","Indexable (200 build)","/รับซื้อโน้ตบุ๊ก-ขอนแก่น/","3","21","Unique body; 1851 chars","รับซื้อโน๊ตบุ๊คเปิดไม่ติดขอนแก่น ดูสาเหตุและอะไหล่ที่เหลือ","notebook_fault","Tier C","REVIEW","YES"
"/รับซื้อโน้ตบุ๊กเสีย-ขอนแก่น/","Model","รับซื้อโน๊ตบุ๊คเสีย ขอนแก่น เครื่องพังมีตำหนิก็ประเมินได้ | WINNER IT","รับซื้อโน๊ตบุ๊คเสียขอนแก่น แยกประเมินตามอะไหล่ที่ยังมีราคา","https://xn--12cb0a0clbb5eueac5b7cya1nrb2eh.com/%E0%B8%A3%E0%B8%B1%E0%B8%9A%E0%B8%8B%E0%B8%B7%E0%B9%89%E0%B8%AD%E0%B9%82%E0%B8%99%E0%B9%89%E0%B8%95%E0%B8%9A%E0%B8%B8%E0%B9%8A%E0%B8%81%E0%B9%80%E0%B8%AA%E0%B8%B5%E0%B8%A2-%E0%B8%82%E0%B8%AD%E0%B8%99%E0%B9%81%E0%B8%81%E0%B9%88%E0%B8%99/","index, follow (default)","Indexable (200 build)","/รับซื้อโน้ตบุ๊ก-ขอนแก่น/","4","20","Unique body; 1621 chars","รับซื้อโน๊ตบุ๊คเสียขอนแก่น แยกประเมินตามอะไหล่ที่ยังมีราคา","notebook_fault","Tier C","REVIEW","YES"
"/รับซื้อไอที-ชุมแพ/","Local","รับซื้อสินค้าไอที ชุมแพ ขอนแก่น คอม โน้ตบุ๊ค iPhone | WINNER IT","รับซื้อสินค้าไอที ชุมแพ ขอนแก่น ส่งรูปก่อน จัดรอบรับตามคิว","https://xn--12cb0a0clbb5eueac5b7cya1nrb2eh.com/%E0%B8%A3%E0%B8%B1%E0%B8%9A%E0%B8%8B%E0%B8%B7%E0%B9%89%E0%B8%AD%E0%B9%84%E0%B8%AD%E0%B8%97%E0%B8%B5-%E0%B8%8A%E0%B8%B8%E0%B8%A1%E0%B9%81%E0%B8%9E/","index, follow (default)","Indexable (200 build)","/พื้นที่ให้บริการ/","2","19","Unique body; 2431 chars","รับซื้อสินค้าไอที ชุมแพ ขอนแก่น ส่งรูปก่อน จัดรอบรับตามคิว","none found","Tier B","KEEP","YES"
"/รับซื้อไอที-น้ำพอง/","Local","รับซื้อไอที น้ำพอง ขอนแก่น คอม โน้ตบุ๊ค มือถือ | WINNER IT","รับซื้อสินค้าไอที น้ำพอง ขอนแก่น จัดรอบรับตามคิวงาน","https://xn--12cb0a0clbb5eueac5b7cya1nrb2eh.com/%E0%B8%A3%E0%B8%B1%E0%B8%9A%E0%B8%8B%E0%B8%B7%E0%B9%89%E0%B8%AD%E0%B9%84%E0%B8%AD%E0%B8%97%E0%B8%B5-%E0%B8%99%E0%B9%89%E0%B8%B3%E0%B8%9E%E0%B8%AD%E0%B8%87/","index, follow (default)","Indexable (200 build)","/พื้นที่ให้บริการ/","1","20","Unique body; 2540 chars","รับซื้อสินค้าไอที น้ำพอง ขอนแก่น จัดรอบรับตามคิวงาน","none found","Tier B","KEEP","YES"
"/รับซื้อไอที-บ้านเป็ด/","Local","รับซื้อสินค้าไอที บ้านเป็ด ขอนแก่น คอม โน้ตบุ๊ค iPhone | WINNER IT","รับซื้อสินค้าไอที บ้านเป็ด ขอนแก่น นัดรับตามโซนหมู่บ้านและคอนโด","https://xn--12cb0a0clbb5eueac5b7cya1nrb2eh.com/%E0%B8%A3%E0%B8%B1%E0%B8%9A%E0%B8%8B%E0%B8%B7%E0%B9%89%E0%B8%AD%E0%B9%84%E0%B8%AD%E0%B8%97%E0%B8%B5-%E0%B8%9A%E0%B9%89%E0%B8%B2%E0%B8%99%E0%B9%80%E0%B8%9B%E0%B9%87%E0%B8%94/","index, follow (default)","Indexable (200 build)","/พื้นที่ให้บริการ/","4","20","Unique body; 2685 chars","รับซื้อสินค้าไอที บ้านเป็ด ขอนแก่น นัดรับตามโซนหมู่บ้านและคอนโด","none found","Tier A","ENRICH","YES"
"/รับซื้อไอที-บ้านไผ่/","Local","รับซื้อสินค้าไอที บ้านไผ่ ขอนแก่น นัดรับต่างอำเภอ | WINNER IT","รับซื้อสินค้าไอที บ้านไผ่ ขอนแก่น จัดรอบรับถึงพื้นที่","https://xn--12cb0a0clbb5eueac5b7cya1nrb2eh.com/%E0%B8%A3%E0%B8%B1%E0%B8%9A%E0%B8%8B%E0%B8%B7%E0%B9%89%E0%B8%AD%E0%B9%84%E0%B8%AD%E0%B8%97%E0%B8%B5-%E0%B8%9A%E0%B9%89%E0%B8%B2%E0%B8%99%E0%B9%84%E0%B8%9C%E0%B9%88/","index, follow (default)","Indexable (200 build)","/พื้นที่ให้บริการ/","3","20","Unique body; 2652 chars","รับซื้อสินค้าไอที บ้านไผ่ ขอนแก่น จัดรอบรับถึงพื้นที่","none found","Tier B","KEEP","YES"
"/รับซื้อไอที-พล/","Local","รับซื้อสินค้าไอที พล ขอนแก่น โน้ตบุ๊ค คอม มือถือ | WINNER IT","รับซื้อสินค้าไอที พล ขอนแก่น นัดรับต่างอำเภอตามรอบงาน","https://xn--12cb0a0clbb5eueac5b7cya1nrb2eh.com/%E0%B8%A3%E0%B8%B1%E0%B8%9A%E0%B8%8B%E0%B8%B7%E0%B9%89%E0%B8%AD%E0%B9%84%E0%B8%AD%E0%B8%97%E0%B8%B5-%E0%B8%9E%E0%B8%A5/","index, follow (default)","Indexable (200 build)","/พื้นที่ให้บริการ/","2","21","Unique body; 2621 chars","รับซื้อสินค้าไอที พล ขอนแก่น นัดรับต่างอำเภอตามรอบงาน","none found","Tier B","KEEP","YES"
"/รับซื้อไอที-ศิลา/","Local","รับซื้อสินค้าไอที ศิลา ขอนแก่น ใกล้ มข. และโซนหอพัก | WINNER IT","รับซื้อสินค้าไอที ศิลา ขอนแก่น ใกล้ มข. และโซนหอพัก","https://xn--12cb0a0clbb5eueac5b7cya1nrb2eh.com/%E0%B8%A3%E0%B8%B1%E0%B8%9A%E0%B8%8B%E0%B8%B7%E0%B9%89%E0%B8%AD%E0%B9%84%E0%B8%AD%E0%B8%97%E0%B8%B5-%E0%B8%A8%E0%B8%B4%E0%B8%A5%E0%B8%B2/","index, follow (default)","Indexable (200 build)","/พื้นที่ให้บริการ/","5","21","Unique body; 2745 chars","รับซื้อสินค้าไอที ศิลา ขอนแก่น ใกล้ มข. และโซนหอพัก","none found","Tier A","ENRICH","YES"
"/รับซื้อไอที-เมืองขอนแก่น/","Local","รับซื้อสินค้าไอที เมืองขอนแก่น นัดรับถึงที่ ประเมินราคาฟรี | WINNER IT","รับซื้อสินค้าไอที เมืองขอนแก่น นัดรับไวตามคิวงานจริง","https://xn--12cb0a0clbb5eueac5b7cya1nrb2eh.com/%E0%B8%A3%E0%B8%B1%E0%B8%9A%E0%B8%8B%E0%B8%B7%E0%B9%89%E0%B8%AD%E0%B9%84%E0%B8%AD%E0%B8%97%E0%B8%B5-%E0%B9%80%E0%B8%A1%E0%B8%B7%E0%B8%AD%E0%B8%87%E0%B8%82%E0%B8%AD%E0%B8%99%E0%B9%81%E0%B8%81%E0%B9%88%E0%B8%99/","index, follow (default)","Indexable (200 build)","/พื้นที่ให้บริการ/","9","21","Unique body; 2885 chars","รับซื้อสินค้าไอที เมืองขอนแก่น นัดรับไวตามคิวงานจริง","none found","Tier A","ENRICH","YES"
"/รับเหมาอุปกรณ์ไอที-ขอนแก่น/","Category","รับเหมาอุปกรณ์ไอที ขอนแก่น งานยกล็อต | WINNER IT","รับเหมาซื้ออุปกรณ์ไอที ขอนแก่น ปิดออฟฟิศ เคลียร์คลังสินค้า","https://xn--12cb0a0clbb5eueac5b7cya1nrb2eh.com/%E0%B8%A3%E0%B8%B1%E0%B8%9A%E0%B9%80%E0%B8%AB%E0%B8%A1%E0%B8%B2%E0%B8%AD%E0%B8%B8%E0%B8%9B%E0%B8%81%E0%B8%A3%E0%B8%93%E0%B9%8C%E0%B9%84%E0%B8%AD%E0%B8%97%E0%B8%B5-%E0%B8%82%E0%B8%AD%E0%B8%99%E0%B9%81%E0%B8%81%E0%B9%88%E0%B8%99/","index, follow (default)","Indexable (200 build)","/","13","23","Unique body; 6359 chars","รับเหมาซื้ออุปกรณ์ไอที ขอนแก่น ปิดออฟฟิศ เคลียร์คลังสินค้า","none found","Tier A","KEEP","YES"
"/สภาพสินค้าที่ขายได้/","Static","สภาพสินค้าแบบไหนขายได้บ้าง จอแตก เปิดไม่ติด แบตบวม | WINNER IT","สภาพสินค้าแบบไหนยังขายได้บ้าง","https://xn--12cb0a0clbb5eueac5b7cya1nrb2eh.com/%E0%B8%AA%E0%B8%A0%E0%B8%B2%E0%B8%9E%E0%B8%AA%E0%B8%B4%E0%B8%99%E0%B8%84%E0%B9%89%E0%B8%B2%E0%B8%97%E0%B8%B5%E0%B9%88%E0%B8%82%E0%B8%B2%E0%B8%A2%E0%B9%84%E0%B8%94%E0%B9%89/","index, follow (default)","Indexable (200 build)","/","86","23","Unique body; 1034 chars","สภาพสินค้าแบบไหนยังขายได้บ้าง","condition_general","Tier A","KEEP","YES"
"/เกี่ยวกับเรา/","Static","เกี่ยวกับเรา | WINNER IT ขอนแก่น","เกี่ยวกับ WINNER IT ขอนแก่น","https://xn--12cb0a0clbb5eueac5b7cya1nrb2eh.com/%E0%B9%80%E0%B8%81%E0%B8%B5%E0%B9%88%E0%B8%A2%E0%B8%A7%E0%B8%81%E0%B8%B1%E0%B8%9A%E0%B9%80%E0%B8%A3%E0%B8%B2/","index, follow (default)","Indexable (200 build)","/","86","17","Unique body; 1088 chars","เกี่ยวกับ WINNER IT ขอนแก่น","none found","Tier C","KEEP","YES"
"/เงื่อนไขการรับซื้อ/","Static","เงื่อนไขการรับซื้อ | WINNER IT","เงื่อนไขการประเมินราคาและการรับซื้อ","https://xn--12cb0a0clbb5eueac5b7cya1nrb2eh.com/%E0%B9%80%E0%B8%87%E0%B8%B7%E0%B9%88%E0%B8%AD%E0%B8%99%E0%B9%84%E0%B8%82%E0%B8%81%E0%B8%B2%E0%B8%A3%E0%B8%A3%E0%B8%B1%E0%B8%9A%E0%B8%8B%E0%B8%B7%E0%B9%89%E0%B8%AD/","index, follow (default)","Indexable (200 build)","/","86","17","Unique body; 1125 chars","เงื่อนไขการประเมินราคาและการรับซื้อ","none found","Tier C","KEEP","YES"
"/เปิดไม่ติดขายได้ไหม/","Condition","เปิดไม่ติด บูตไม่ขึ้น ขายของไอทีได้ไหม | WINNER IT ขอนแก่น","เครื่องเปิดไม่ติด บูตไม่ขึ้น ยังส่งประเมินราคาได้","https://xn--12cb0a0clbb5eueac5b7cya1nrb2eh.com/%E0%B9%80%E0%B8%9B%E0%B8%B4%E0%B8%94%E0%B9%84%E0%B8%A1%E0%B9%88%E0%B8%95%E0%B8%B4%E0%B8%94%E0%B8%82%E0%B8%B2%E0%B8%A2%E0%B9%84%E0%B8%94%E0%B9%89%E0%B9%84%E0%B8%AB%E0%B8%A1/","index, follow (default)","Indexable (200 build)","/สภาพสินค้าที่ขายได้/","3","17","Unique body; 1156 chars","เครื่องเปิดไม่ติด บูตไม่ขึ้น ยังส่งประเมินราคาได้","notebook_fault","Tier C","REVIEW","YES"
"/แบตบวมขายได้ไหม/","Condition","แบตบวม แบตเสื่อม ขาย iPhone MacBook Notebook ได้ไหม | WINNER IT","แบตบวม แบตเสื่อม ขายได้ แต่ต้องแจ้งตั้งแต่แรก","https://xn--12cb0a0clbb5eueac5b7cya1nrb2eh.com/%E0%B9%81%E0%B8%9A%E0%B8%95%E0%B8%9A%E0%B8%A7%E0%B8%A1%E0%B8%82%E0%B8%B2%E0%B8%A2%E0%B9%84%E0%B8%94%E0%B9%89%E0%B9%84%E0%B8%AB%E0%B8%A1/","index, follow (default)","Indexable (200 build)","/สภาพสินค้าที่ขายได้/","6","18","Unique body; 1133 chars","แบตบวม แบตเสื่อม ขายได้ แต่ต้องแจ้งตั้งแต่แรก","none found","Tier B","KEEP","YES"
"/ไม่มีกล่องขายได้ไหม/","Condition","ไม่มีกล่อง ไม่มีใบเสร็จ ขายสินค้าไอทีได้ไหม | WINNER IT ขอนแก่น","ไม่มีกล่อง ไม่มีใบเสร็จ ยังขายสินค้าไอทีได้","https://xn--12cb0a0clbb5eueac5b7cya1nrb2eh.com/%E0%B9%84%E0%B8%A1%E0%B9%88%E0%B8%A1%E0%B8%B5%E0%B8%81%E0%B8%A5%E0%B9%88%E0%B8%AD%E0%B8%87%E0%B8%82%E0%B8%B2%E0%B8%A2%E0%B9%84%E0%B8%94%E0%B9%89%E0%B9%84%E0%B8%AB%E0%B8%A1/","index, follow (default)","Indexable (200 build)","/สภาพสินค้าที่ขายได้/","3","17","Unique body; 1135 chars","ไม่มีกล่อง ไม่มีใบเสร็จ ยังขายสินค้าไอทีได้","none found","Tier B","KEEP","YES"
