id,path,type,cluster,label,lifecycle,parent,directory,required_sections
hub-products,/สินค้าที่รับซื้อ/,hub,master-product,สินค้าที่รับซื้อ,INDEX,/,,บทนำของ Hub | หมวดหลัก | เส้นทางไป Brand/Model | คำแนะนำก่อนประเมิน
hub-brands-models,/ยี่ห้อและรุ่นที่รับซื้อ/,hub,master-model,ยี่ห้อและรุ่นที่รับซื้อ,INDEX,/สินค้าที่รับซื้อ/,,Brand index | Series index | Model discovery | ลิงก์กลับ Money Pages
hub-b2b,/รับซื้อยกล็อต-บริษัท/,hub,b2b,รับซื้อยกล็อตและทรัพย์สินไอทีบริษัท,INDEX,/รับเหมาอุปกรณ์ไอที-ขอนแก่น/,,กลุ่มลูกค้าองค์กร | ประเภททรัพย์สิน | เอกสาร | ขั้นตอนประเมินล็อต
hub-price,/ศูนย์ข้อมูลราคา/,hub,price,ศูนย์ข้อมูลราคารับซื้อสินค้าไอที,INDEX,/บทความ/,,หลักการประเมินราคา | ราคาแยกตามหมวด | ปัจจัยหักราคา | ลิงก์คู่มือราคา
model-asus-rog-zephyrus-g14,/รับซื้อ-asus-rog-zephyrus-g14-ขอนแก่น/,model,notebook-asus,ASUS ROG Zephyrus G14,INDEX,/รับซื้อโน้ตบุ๊ก-ขอนแก่น/,/ยี่ห้อและรุ่นที่รับซื้อ/,ภาพรวมรุ่น/ซีรีส์ | รุ่นย่อยและสเปกที่มีผลต่อราคา | จุดตรวจเฉพาะรุ่น | ปัจจัยราคา | อุปกรณ์/ประกัน | FAQ เฉพาะรุ่น
model-asus-rog-zephyrus-g16,/รับซื้อ-asus-rog-zephyrus-g16-ขอนแก่น/,model,notebook-asus,ASUS ROG Zephyrus G16,INDEX,/รับซื้อโน้ตบุ๊ก-ขอนแก่น/,/ยี่ห้อและรุ่นที่รับซื้อ/,ภาพรวมรุ่น/ซีรีส์ | รุ่นย่อยและสเปกที่มีผลต่อราคา | จุดตรวจเฉพาะรุ่น | ปัจจัยราคา | อุปกรณ์/ประกัน | FAQ เฉพาะรุ่น
model-asus-rog-strix-g16,/รับซื้อ-asus-rog-strix-g16-ขอนแก่น/,model,notebook-asus,ASUS ROG Strix G16,INDEX,/รับซื้อโน้ตบุ๊ก-ขอนแก่น/,/ยี่ห้อและรุ่นที่รับซื้อ/,ภาพรวมรุ่น/ซีรีส์ | รุ่นย่อยและสเปกที่มีผลต่อราคา | จุดตรวจเฉพาะรุ่น | ปัจจัยราคา | อุปกรณ์/ประกัน | FAQ เฉพาะรุ่น
model-asus-rog-strix-g18,/รับซื้อ-asus-rog-strix-g18-ขอนแก่น/,model,notebook-asus,ASUS ROG Strix G18,INDEX,/รับซื้อโน้ตบุ๊ก-ขอนแก่น/,/ยี่ห้อและรุ่นที่รับซื้อ/,ภาพรวมรุ่น/ซีรีส์ | รุ่นย่อยและสเปกที่มีผลต่อราคา | จุดตรวจเฉพาะรุ่น | ปัจจัยราคา | อุปกรณ์/ประกัน | FAQ เฉพาะรุ่น
model-asus-rog-scar-16,/รับซื้อ-asus-rog-scar-16-ขอนแก่น/,model,notebook-asus,ASUS ROG Strix SCAR 16,INDEX,/รับซื้อโน้ตบุ๊ก-ขอนแก่น/,/ยี่ห้อและรุ่นที่รับซื้อ/,ภาพรวมรุ่น/ซีรีส์ | รุ่นย่อยและสเปกที่มีผลต่อราคา | จุดตรวจเฉพาะรุ่น | ปัจจัยราคา | อุปกรณ์/ประกัน | FAQ เฉพาะรุ่น
model-asus-rog-scar-18,/รับซื้อ-asus-rog-scar-18-ขอนแก่น/,model,notebook-asus,ASUS ROG Strix SCAR 18,INDEX,/รับซื้อโน้ตบุ๊ก-ขอนแก่น/,/ยี่ห้อและรุ่นที่รับซื้อ/,ภาพรวมรุ่น/ซีรีส์ | รุ่นย่อยและสเปกที่มีผลต่อราคา | จุดตรวจเฉพาะรุ่น | ปัจจัยราคา | อุปกรณ์/ประกัน | FAQ เฉพาะรุ่น
model-asus-tuf-gaming-a14,/รับซื้อ-asus-tuf-gaming-a14-ขอนแก่น/,model,notebook-asus,ASUS TUF Gaming A14,INDEX,/รับซื้อโน้ตบุ๊ก-ขอนแก่น/,/ยี่ห้อและรุ่นที่รับซื้อ/,ภาพรวมรุ่น/ซีรีส์ | รุ่นย่อยและสเปกที่มีผลต่อราคา | จุดตรวจเฉพาะรุ่น | ปัจจัยราคา | อุปกรณ์/ประกัน | FAQ เฉพาะรุ่น
model-asus-tuf-gaming-a15,/รับซื้อ-asus-tuf-gaming-a15-ขอนแก่น/,model,notebook-asus,ASUS TUF Gaming A15,INDEX,/รับซื้อโน้ตบุ๊ก-ขอนแก่น/,/ยี่ห้อและรุ่นที่รับซื้อ/,ภาพรวมรุ่น/ซีรีส์ | รุ่นย่อยและสเปกที่มีผลต่อราคา | จุดตรวจเฉพาะรุ่น | ปัจจัยราคา | อุปกรณ์/ประกัน | FAQ เฉพาะรุ่น
model-asus-tuf-gaming-a16,/รับซื้อ-asus-tuf-gaming-a16-ขอนแก่น/,model,notebook-asus,ASUS TUF Gaming A16,INDEX,/รับซื้อโน้ตบุ๊ก-ขอนแก่น/,/ยี่ห้อและรุ่นที่รับซื้อ/,ภาพรวมรุ่น/ซีรีส์ | รุ่นย่อยและสเปกที่มีผลต่อราคา | จุดตรวจเฉพาะรุ่น | ปัจจัยราคา | อุปกรณ์/ประกัน | FAQ เฉพาะรุ่น
model-asus-tuf-gaming-f15,/รับซื้อ-asus-tuf-gaming-f15-ขอนแก่น/,model,notebook-asus,ASUS TUF Gaming F15,INDEX,/รับซื้อโน้ตบุ๊ก-ขอนแก่น/,/ยี่ห้อและรุ่นที่รับซื้อ/,ภาพรวมรุ่น/ซีรีส์ | รุ่นย่อยและสเปกที่มีผลต่อราคา | จุดตรวจเฉพาะรุ่น | ปัจจัยราคา | อุปกรณ์/ประกัน | FAQ เฉพาะรุ่น
model-lenovo-legion-5,/รับซื้อ-lenovo-legion-5-ขอนแก่น/,model,notebook-lenovo,Lenovo Legion 5,INDEX,/รับซื้อโน้ตบุ๊ก-ขอนแก่น/,/ยี่ห้อและรุ่นที่รับซื้อ/,ภาพรวมรุ่น/ซีรีส์ | รุ่นย่อยและสเปกที่มีผลต่อราคา | จุดตรวจเฉพาะรุ่น | ปัจจัยราคา | อุปกรณ์/ประกัน | FAQ เฉพาะรุ่น
model-lenovo-legion-5i,/รับซื้อ-lenovo-legion-5i-ขอนแก่น/,model,notebook-lenovo,Lenovo Legion 5i,INDEX,/รับซื้อโน้ตบุ๊ก-ขอนแก่น/,/ยี่ห้อและรุ่นที่รับซื้อ/,ภาพรวมรุ่น/ซีรีส์ | รุ่นย่อยและสเปกที่มีผลต่อราคา | จุดตรวจเฉพาะรุ่น | ปัจจัยราคา | อุปกรณ์/ประกัน | FAQ เฉพาะรุ่น
model-lenovo-legion-7,/รับซื้อ-lenovo-legion-7-ขอนแก่น/,model,notebook-lenovo,Lenovo Legion 7,HOLD_NOINDEX,/รับซื้อโน้ตบุ๊ก-ขอนแก่น/,/ยี่ห้อและรุ่นที่รับซื้อ/,ภาพรวมรุ่น/ซีรีส์ | รุ่นย่อยและสเปกที่มีผลต่อราคา | จุดตรวจเฉพาะรุ่น | ปัจจัยราคา | อุปกรณ์/ประกัน | FAQ เฉพาะรุ่น
model-lenovo-legion-pro-5,/รับซื้อ-lenovo-legion-pro-5-ขอนแก่น/,model,notebook-lenovo,Lenovo Legion Pro 5,INDEX,/รับซื้อโน้ตบุ๊ก-ขอนแก่น/,/ยี่ห้อและรุ่นที่รับซื้อ/,ภาพรวมรุ่น/ซีรีส์ | รุ่นย่อยและสเปกที่มีผลต่อราคา | จุดตรวจเฉพาะรุ่น | ปัจจัยราคา | อุปกรณ์/ประกัน | FAQ เฉพาะรุ่น
model-lenovo-legion-pro-7,/รับซื้อ-lenovo-legion-pro-7-ขอนแก่น/,model,notebook-lenovo,Lenovo Legion Pro 7,INDEX,/รับซื้อโน้ตบุ๊ก-ขอนแก่น/,/ยี่ห้อและรุ่นที่รับซื้อ/,ภาพรวมรุ่น/ซีรีส์ | รุ่นย่อยและสเปกที่มีผลต่อราคา | จุดตรวจเฉพาะรุ่น | ปัจจัยราคา | อุปกรณ์/ประกัน | FAQ เฉพาะรุ่น
model-lenovo-loq-15,/รับซื้อ-lenovo-loq-15-ขอนแก่น/,model,notebook-lenovo,Lenovo LOQ 15,INDEX,/รับซื้อโน้ตบุ๊ก-ขอนแก่น/,/ยี่ห้อและรุ่นที่รับซื้อ/,ภาพรวมรุ่น/ซีรีส์ | รุ่นย่อยและสเปกที่มีผลต่อราคา | จุดตรวจเฉพาะรุ่น | ปัจจัยราคา | อุปกรณ์/ประกัน | FAQ เฉพาะรุ่น
model-lenovo-loq-16,/รับซื้อ-lenovo-loq-16-ขอนแก่น/,model,notebook-lenovo,Lenovo LOQ 16,INDEX,/รับซื้อโน้ตบุ๊ก-ขอนแก่น/,/ยี่ห้อและรุ่นที่รับซื้อ/,ภาพรวมรุ่น/ซีรีส์ | รุ่นย่อยและสเปกที่มีผลต่อราคา | จุดตรวจเฉพาะรุ่น | ปัจจัยราคา | อุปกรณ์/ประกัน | FAQ เฉพาะรุ่น
model-lenovo-thinkpad-t14,/รับซื้อ-lenovo-thinkpad-t14-ขอนแก่น/,model,notebook-lenovo,Lenovo ThinkPad T14,INDEX,/รับซื้อโน้ตบุ๊ก-ขอนแก่น/,/ยี่ห้อและรุ่นที่รับซื้อ/,ภาพรวมรุ่น/ซีรีส์ | รุ่นย่อยและสเปกที่มีผลต่อราคา | จุดตรวจเฉพาะรุ่น | ปัจจัยราคา | อุปกรณ์/ประกัน | FAQ เฉพาะรุ่น
model-lenovo-thinkpad-x1-carbon,/รับซื้อ-lenovo-thinkpad-x1-carbon-ขอนแก่น/,model,notebook-lenovo,Lenovo ThinkPad X1 Carbon,INDEX,/รับซื้อโน้ตบุ๊ก-ขอนแก่น/,/ยี่ห้อและรุ่นที่รับซื้อ/,ภาพรวมรุ่น/ซีรีส์ | รุ่นย่อยและสเปกที่มีผลต่อราคา | จุดตรวจเฉพาะรุ่น | ปัจจัยราคา | อุปกรณ์/ประกัน | FAQ เฉพาะรุ่น
model-lenovo-ideapad-slim-5,/รับซื้อ-lenovo-ideapad-slim-5-ขอนแก่น/,model,notebook-lenovo,Lenovo IdeaPad Slim 5,HOLD_NOINDEX,/รับซื้อโน้ตบุ๊ก-ขอนแก่น/,/ยี่ห้อและรุ่นที่รับซื้อ/,ภาพรวมรุ่น/ซีรีส์ | รุ่นย่อยและสเปกที่มีผลต่อราคา | จุดตรวจเฉพาะรุ่น | ปัจจัยราคา | อุปกรณ์/ประกัน | FAQ เฉพาะรุ่น
model-acer-nitro-v15,/รับซื้อ-acer-nitro-v15-ขอนแก่น/,model,notebook-acer,Acer Nitro V 15,INDEX,/รับซื้อโน้ตบุ๊ก-ขอนแก่น/,/ยี่ห้อและรุ่นที่รับซื้อ/,ภาพรวมรุ่น/ซีรีส์ | รุ่นย่อยและสเปกที่มีผลต่อราคา | จุดตรวจเฉพาะรุ่น | ปัจจัยราคา | อุปกรณ์/ประกัน | FAQ เฉพาะรุ่น
model-acer-nitro-5,/รับซื้อ-acer-nitro-5-ขอนแก่น/,model,notebook-acer,Acer Nitro 5,INDEX,/รับซื้อโน้ตบุ๊ก-ขอนแก่น/,/ยี่ห้อและรุ่นที่รับซื้อ/,ภาพรวมรุ่น/ซีรีส์ | รุ่นย่อยและสเปกที่มีผลต่อราคา | จุดตรวจเฉพาะรุ่น | ปัจจัยราคา | อุปกรณ์/ประกัน | FAQ เฉพาะรุ่น
model-acer-predator-helios-neo-16,/รับซื้อ-acer-predator-helios-neo-16-ขอนแก่น/,model,notebook-acer,Acer Predator Helios Neo 16,INDEX,/รับซื้อโน้ตบุ๊ก-ขอนแก่น/,/ยี่ห้อและรุ่นที่รับซื้อ/,ภาพรวมรุ่น/ซีรีส์ | รุ่นย่อยและสเปกที่มีผลต่อราคา | จุดตรวจเฉพาะรุ่น | ปัจจัยราคา | อุปกรณ์/ประกัน | FAQ เฉพาะรุ่น
model-acer-predator-helios-16,/รับซื้อ-acer-predator-helios-16-ขอนแก่น/,model,notebook-acer,Acer Predator Helios 16,INDEX,/รับซื้อโน้ตบุ๊ก-ขอนแก่น/,/ยี่ห้อและรุ่นที่รับซื้อ/,ภาพรวมรุ่น/ซีรีส์ | รุ่นย่อยและสเปกที่มีผลต่อราคา | จุดตรวจเฉพาะรุ่น | ปัจจัยราคา | อุปกรณ์/ประกัน | FAQ เฉพาะรุ่น
model-acer-aspire-3,/รับซื้อ-acer-aspire-3-ขอนแก่น/,model,notebook-acer,Acer Aspire 3,HOLD_NOINDEX,/รับซื้อโน้ตบุ๊ก-ขอนแก่น/,/ยี่ห้อและรุ่นที่รับซื้อ/,ภาพรวมรุ่น/ซีรีส์ | รุ่นย่อยและสเปกที่มีผลต่อราคา | จุดตรวจเฉพาะรุ่น | ปัจจัยราคา | อุปกรณ์/ประกัน | FAQ เฉพาะรุ่น
model-acer-aspire-5,/รับซื้อ-acer-aspire-5-ขอนแก่น/,model,notebook-acer,Acer Aspire 5,HOLD_NOINDEX,/รับซื้อโน้ตบุ๊ก-ขอนแก่น/,/ยี่ห้อและรุ่นที่รับซื้อ/,ภาพรวมรุ่น/ซีรีส์ | รุ่นย่อยและสเปกที่มีผลต่อราคา | จุดตรวจเฉพาะรุ่น | ปัจจัยราคา | อุปกรณ์/ประกัน | FAQ เฉพาะรุ่น
model-acer-swift-go-14,/รับซื้อ-acer-swift-go-14-ขอนแก่น/,model,notebook-acer,Acer Swift Go 14,INDEX,/รับซื้อโน้ตบุ๊ก-ขอนแก่น/,/ยี่ห้อและรุ่นที่รับซื้อ/,ภาพรวมรุ่น/ซีรีส์ | รุ่นย่อยและสเปกที่มีผลต่อราคา | จุดตรวจเฉพาะรุ่น | ปัจจัยราคา | อุปกรณ์/ประกัน | FAQ เฉพาะรุ่น
model-hp-victus-15,/รับซื้อ-hp-victus-15-ขอนแก่น/,model,notebook-hp-dell-msi,HP Victus 15,INDEX,/รับซื้อโน้ตบุ๊ก-ขอนแก่น/,/ยี่ห้อและรุ่นที่รับซื้อ/,ภาพรวมรุ่น/ซีรีส์ | รุ่นย่อยและสเปกที่มีผลต่อราคา | จุดตรวจเฉพาะรุ่น | ปัจจัยราคา | อุปกรณ์/ประกัน | FAQ เฉพาะรุ่น
model-hp-victus-16,/รับซื้อ-hp-victus-16-ขอนแก่น/,model,notebook-hp-dell-msi,HP Victus 16,INDEX,/รับซื้อโน้ตบุ๊ก-ขอนแก่น/,/ยี่ห้อและรุ่นที่รับซื้อ/,ภาพรวมรุ่น/ซีรีส์ | รุ่นย่อยและสเปกที่มีผลต่อราคา | จุดตรวจเฉพาะรุ่น | ปัจจัยราคา | อุปกรณ์/ประกัน | FAQ เฉพาะรุ่น
model-hp-omen-16,/รับซื้อ-hp-omen-16-ขอนแก่น/,model,notebook-hp-dell-msi,HP Omen 16,INDEX,/รับซื้อโน้ตบุ๊ก-ขอนแก่น/,/ยี่ห้อและรุ่นที่รับซื้อ/,ภาพรวมรุ่น/ซีรีส์ | รุ่นย่อยและสเปกที่มีผลต่อราคา | จุดตรวจเฉพาะรุ่น | ปัจจัยราคา | อุปกรณ์/ประกัน | FAQ เฉพาะรุ่น
model-hp-elitebook-840,/รับซื้อ-hp-elitebook-840-ขอนแก่น/,model,notebook-hp-dell-msi,HP EliteBook 840,HOLD_NOINDEX,/รับซื้อโน้ตบุ๊ก-ขอนแก่น/,/ยี่ห้อและรุ่นที่รับซื้อ/,ภาพรวมรุ่น/ซีรีส์ | รุ่นย่อยและสเปกที่มีผลต่อราคา | จุดตรวจเฉพาะรุ่น | ปัจจัยราคา | อุปกรณ์/ประกัน | FAQ เฉพาะรุ่น
model-hp-probook-440,/รับซื้อ-hp-probook-440-ขอนแก่น/,model,notebook-hp-dell-msi,HP ProBook 440,HOLD_NOINDEX,/รับซื้อโน้ตบุ๊ก-ขอนแก่น/,/ยี่ห้อและรุ่นที่รับซื้อ/,ภาพรวมรุ่น/ซีรีส์ | รุ่นย่อยและสเปกที่มีผลต่อราคา | จุดตรวจเฉพาะรุ่น | ปัจจัยราคา | อุปกรณ์/ประกัน | FAQ เฉพาะรุ่น
model-dell-latitude-7440,/รับซื้อ-dell-latitude-7440-ขอนแก่น/,model,notebook-hp-dell-msi,Dell Latitude 7440,INDEX,/รับซื้อโน้ตบุ๊ก-ขอนแก่น/,/ยี่ห้อและรุ่นที่รับซื้อ/,ภาพรวมรุ่น/ซีรีส์ | รุ่นย่อยและสเปกที่มีผลต่อราคา | จุดตรวจเฉพาะรุ่น | ปัจจัยราคา | อุปกรณ์/ประกัน | FAQ เฉพาะรุ่น
model-dell-xps-13,/รับซื้อ-dell-xps-13-ขอนแก่น/,model,notebook-hp-dell-msi,Dell XPS 13,HOLD_NOINDEX,/รับซื้อโน้ตบุ๊ก-ขอนแก่น/,/ยี่ห้อและรุ่นที่รับซื้อ/,ภาพรวมรุ่น/ซีรีส์ | รุ่นย่อยและสเปกที่มีผลต่อราคา | จุดตรวจเฉพาะรุ่น | ปัจจัยราคา | อุปกรณ์/ประกัน | FAQ เฉพาะรุ่น
model-dell-g15,/รับซื้อ-dell-g15-ขอนแก่น/,model,notebook-hp-dell-msi,Dell G15,INDEX,/รับซื้อโน้ตบุ๊ก-ขอนแก่น/,/ยี่ห้อและรุ่นที่รับซื้อ/,ภาพรวมรุ่น/ซีรีส์ | รุ่นย่อยและสเปกที่มีผลต่อราคา | จุดตรวจเฉพาะรุ่น | ปัจจัยราคา | อุปกรณ์/ประกัน | FAQ เฉพาะรุ่น
model-msi-katana-15,/รับซื้อ-msi-katana-15-ขอนแก่น/,model,notebook-hp-dell-msi,MSI Katana 15,INDEX,/รับซื้อโน้ตบุ๊ก-ขอนแก่น/,/ยี่ห้อและรุ่นที่รับซื้อ/,ภาพรวมรุ่น/ซีรีส์ | รุ่นย่อยและสเปกที่มีผลต่อราคา | จุดตรวจเฉพาะรุ่น | ปัจจัยราคา | อุปกรณ์/ประกัน | FAQ เฉพาะรุ่น
model-msi-cyborg-15,/รับซื้อ-msi-cyborg-15-ขอนแก่น/,model,notebook-hp-dell-msi,MSI Cyborg 15,INDEX,/รับซื้อโน้ตบุ๊ก-ขอนแก่น/,/ยี่ห้อและรุ่นที่รับซื้อ/,ภาพรวมรุ่น/ซีรีส์ | รุ่นย่อยและสเปกที่มีผลต่อราคา | จุดตรวจเฉพาะรุ่น | ปัจจัยราคา | อุปกรณ์/ประกัน | FAQ เฉพาะรุ่น
model-msi-thin-15,/รับซื้อ-msi-thin-15-ขอนแก่น/,model,notebook-hp-dell-msi,MSI Thin 15,INDEX,/รับซื้อโน้ตบุ๊ก-ขอนแก่น/,/ยี่ห้อและรุ่นที่รับซื้อ/,ภาพรวมรุ่น/ซีรีส์ | รุ่นย่อยและสเปกที่มีผลต่อราคา | จุดตรวจเฉพาะรุ่น | ปัจจัยราคา | อุปกรณ์/ประกัน | FAQ เฉพาะรุ่น
model-msi-raider-ge68,/รับซื้อ-msi-raider-ge68-ขอนแก่น/,model,notebook-hp-dell-msi,MSI Raider GE68,INDEX,/รับซื้อโน้ตบุ๊ก-ขอนแก่น/,/ยี่ห้อและรุ่นที่รับซื้อ/,ภาพรวมรุ่น/ซีรีส์ | รุ่นย่อยและสเปกที่มีผลต่อราคา | จุดตรวจเฉพาะรุ่น | ปัจจัยราคา | อุปกรณ์/ประกัน | FAQ เฉพาะรุ่น
model-msi-modern-14,/รับซื้อ-msi-modern-14-ขอนแก่น/,model,notebook-hp-dell-msi,MSI Modern 14,HOLD_NOINDEX,/รับซื้อโน้ตบุ๊ก-ขอนแก่น/,/ยี่ห้อและรุ่นที่รับซื้อ/,ภาพรวมรุ่น/ซีรีส์ | รุ่นย่อยและสเปกที่มีผลต่อราคา | จุดตรวจเฉพาะรุ่น | ปัจจัยราคา | อุปกรณ์/ประกัน | FAQ เฉพาะรุ่น
model-macbook-air-m1,/รับซื้อ-macbook-air-m1-ขอนแก่น/,model,macbook,MacBook Air M1,INDEX,/รับซื้อ-macbook-ขอนแก่น/,/ยี่ห้อและรุ่นที่รับซื้อ/,ภาพรวมรุ่น/ซีรีส์ | รุ่นย่อยและสเปกที่มีผลต่อราคา | จุดตรวจเฉพาะรุ่น | ปัจจัยราคา | อุปกรณ์/ประกัน | FAQ เฉพาะรุ่น
model-macbook-air-m2,/รับซื้อ-macbook-air-m2-ขอนแก่น/,model,macbook,MacBook Air M2,INDEX,/รับซื้อ-macbook-ขอนแก่น/,/ยี่ห้อและรุ่นที่รับซื้อ/,ภาพรวมรุ่น/ซีรีส์ | รุ่นย่อยและสเปกที่มีผลต่อราคา | จุดตรวจเฉพาะรุ่น | ปัจจัยราคา | อุปกรณ์/ประกัน | FAQ เฉพาะรุ่น
model-macbook-air-m3,/รับซื้อ-macbook-air-m3-ขอนแก่น/,model,macbook,MacBook Air M3,INDEX,/รับซื้อ-macbook-ขอนแก่น/,/ยี่ห้อและรุ่นที่รับซื้อ/,ภาพรวมรุ่น/ซีรีส์ | รุ่นย่อยและสเปกที่มีผลต่อราคา | จุดตรวจเฉพาะรุ่น | ปัจจัยราคา | อุปกรณ์/ประกัน | FAQ เฉพาะรุ่น
model-macbook-air-m4,/รับซื้อ-macbook-air-m4-ขอนแก่น/,model,macbook,MacBook Air M4,INDEX,/รับซื้อ-macbook-ขอนแก่น/,/ยี่ห้อและรุ่นที่รับซื้อ/,ภาพรวมรุ่น/ซีรีส์ | รุ่นย่อยและสเปกที่มีผลต่อราคา | จุดตรวจเฉพาะรุ่น | ปัจจัยราคา | อุปกรณ์/ประกัน | FAQ เฉพาะรุ่น
model-macbook-pro-13-m1,/รับซื้อ-macbook-pro-13-m1-ขอนแก่น/,model,macbook,MacBook Pro 13 M1,INDEX,/รับซื้อ-macbook-ขอนแก่น/,/ยี่ห้อและรุ่นที่รับซื้อ/,ภาพรวมรุ่น/ซีรีส์ | รุ่นย่อยและสเปกที่มีผลต่อราคา | จุดตรวจเฉพาะรุ่น | ปัจจัยราคา | อุปกรณ์/ประกัน | FAQ เฉพาะรุ่น
model-macbook-pro-14-m1-pro,/รับซื้อ-macbook-pro-14-m1-pro-ขอนแก่น/,model,macbook,MacBook Pro 14 M1 Pro,INDEX,/รับซื้อ-macbook-ขอนแก่น/,/ยี่ห้อและรุ่นที่รับซื้อ/,ภาพรวมรุ่น/ซีรีส์ | รุ่นย่อยและสเปกที่มีผลต่อราคา | จุดตรวจเฉพาะรุ่น | ปัจจัยราคา | อุปกรณ์/ประกัน | FAQ เฉพาะรุ่น
model-macbook-pro-16-m1-pro,/รับซื้อ-macbook-pro-16-m1-pro-ขอนแก่น/,model,macbook,MacBook Pro 16 M1 Pro,INDEX,/รับซื้อ-macbook-ขอนแก่น/,/ยี่ห้อและรุ่นที่รับซื้อ/,ภาพรวมรุ่น/ซีรีส์ | รุ่นย่อยและสเปกที่มีผลต่อราคา | จุดตรวจเฉพาะรุ่น | ปัจจัยราคา | อุปกรณ์/ประกัน | FAQ เฉพาะรุ่น
model-macbook-pro-14-m2-pro,/รับซื้อ-macbook-pro-14-m2-pro-ขอนแก่น/,model,macbook,MacBook Pro 14 M2 Pro,INDEX,/รับซื้อ-macbook-ขอนแก่น/,/ยี่ห้อและรุ่นที่รับซื้อ/,ภาพรวมรุ่น/ซีรีส์ | รุ่นย่อยและสเปกที่มีผลต่อราคา | จุดตรวจเฉพาะรุ่น | ปัจจัยราคา | อุปกรณ์/ประกัน | FAQ เฉพาะรุ่น
model-macbook-pro-16-m2-pro,/รับซื้อ-macbook-pro-16-m2-pro-ขอนแก่น/,model,macbook,MacBook Pro 16 M2 Pro,INDEX,/รับซื้อ-macbook-ขอนแก่น/,/ยี่ห้อและรุ่นที่รับซื้อ/,ภาพรวมรุ่น/ซีรีส์ | รุ่นย่อยและสเปกที่มีผลต่อราคา | จุดตรวจเฉพาะรุ่น | ปัจจัยราคา | อุปกรณ์/ประกัน | FAQ เฉพาะรุ่น
model-macbook-pro-14-m3,/รับซื้อ-macbook-pro-14-m3-ขอนแก่น/,model,macbook,MacBook Pro 14 M3,INDEX,/รับซื้อ-macbook-ขอนแก่น/,/ยี่ห้อและรุ่นที่รับซื้อ/,ภาพรวมรุ่น/ซีรีส์ | รุ่นย่อยและสเปกที่มีผลต่อราคา | จุดตรวจเฉพาะรุ่น | ปัจจัยราคา | อุปกรณ์/ประกัน | FAQ เฉพาะรุ่น
model-macbook-pro-14-m4,/รับซื้อ-macbook-pro-14-m4-ขอนแก่น/,model,macbook,MacBook Pro 14 M4,INDEX,/รับซื้อ-macbook-ขอนแก่น/,/ยี่ห้อและรุ่นที่รับซื้อ/,ภาพรวมรุ่น/ซีรีส์ | รุ่นย่อยและสเปกที่มีผลต่อราคา | จุดตรวจเฉพาะรุ่น | ปัจจัยราคา | อุปกรณ์/ประกัน | FAQ เฉพาะรุ่น
model-macbook-pro-16-m4-pro,/รับซื้อ-macbook-pro-16-m4-pro-ขอนแก่น/,model,macbook,MacBook Pro 16 M4 Pro,INDEX,/รับซื้อ-macbook-ขอนแก่น/,/ยี่ห้อและรุ่นที่รับซื้อ/,ภาพรวมรุ่น/ซีรีส์ | รุ่นย่อยและสเปกที่มีผลต่อราคา | จุดตรวจเฉพาะรุ่น | ปัจจัยราคา | อุปกรณ์/ประกัน | FAQ เฉพาะรุ่น
model-iphone-11,/รับซื้อ-iphone-11-ขอนแก่น/,model,iphone,iPhone 11,INDEX,/รับซื้อ-iphone-ขอนแก่น/,/ยี่ห้อและรุ่นที่รับซื้อ/,ภาพรวมรุ่น/ซีรีส์ | รุ่นย่อยและสเปกที่มีผลต่อราคา | จุดตรวจเฉพาะรุ่น | ปัจจัยราคา | อุปกรณ์/ประกัน | FAQ เฉพาะรุ่น
model-iphone-11-pro,/รับซื้อ-iphone-11-pro-ขอนแก่น/,model,iphone,iPhone 11 Pro,INDEX,/รับซื้อ-iphone-ขอนแก่น/,/ยี่ห้อและรุ่นที่รับซื้อ/,ภาพรวมรุ่น/ซีรีส์ | รุ่นย่อยและสเปกที่มีผลต่อราคา | จุดตรวจเฉพาะรุ่น | ปัจจัยราคา | อุปกรณ์/ประกัน | FAQ เฉพาะรุ่น
model-iphone-11-pro-max,/รับซื้อ-iphone-11-pro-max-ขอนแก่น/,model,iphone,iPhone 11 Pro Max,INDEX,/รับซื้อ-iphone-ขอนแก่น/,/ยี่ห้อและรุ่นที่รับซื้อ/,ภาพรวมรุ่น/ซีรีส์ | รุ่นย่อยและสเปกที่มีผลต่อราคา | จุดตรวจเฉพาะรุ่น | ปัจจัยราคา | อุปกรณ์/ประกัน | FAQ เฉพาะรุ่น
model-iphone-12,/รับซื้อ-iphone-12-ขอนแก่น/,model,iphone,iPhone 12,INDEX,/รับซื้อ-iphone-ขอนแก่น/,/ยี่ห้อและรุ่นที่รับซื้อ/,ภาพรวมรุ่น/ซีรีส์ | รุ่นย่อยและสเปกที่มีผลต่อราคา | จุดตรวจเฉพาะรุ่น | ปัจจัยราคา | อุปกรณ์/ประกัน | FAQ เฉพาะรุ่น
model-iphone-12-mini,/รับซื้อ-iphone-12-mini-ขอนแก่น/,model,iphone,iPhone 12 mini,INDEX,/รับซื้อ-iphone-ขอนแก่น/,/ยี่ห้อและรุ่นที่รับซื้อ/,ภาพรวมรุ่น/ซีรีส์ | รุ่นย่อยและสเปกที่มีผลต่อราคา | จุดตรวจเฉพาะรุ่น | ปัจจัยราคา | อุปกรณ์/ประกัน | FAQ เฉพาะรุ่น
model-iphone-12-pro,/รับซื้อ-iphone-12-pro-ขอนแก่น/,model,iphone,iPhone 12 Pro,INDEX,/รับซื้อ-iphone-ขอนแก่น/,/ยี่ห้อและรุ่นที่รับซื้อ/,ภาพรวมรุ่น/ซีรีส์ | รุ่นย่อยและสเปกที่มีผลต่อราคา | จุดตรวจเฉพาะรุ่น | ปัจจัยราคา | อุปกรณ์/ประกัน | FAQ เฉพาะรุ่น
model-iphone-12-pro-max,/รับซื้อ-iphone-12-pro-max-ขอนแก่น/,model,iphone,iPhone 12 Pro Max,INDEX,/รับซื้อ-iphone-ขอนแก่น/,/ยี่ห้อและรุ่นที่รับซื้อ/,ภาพรวมรุ่น/ซีรีส์ | รุ่นย่อยและสเปกที่มีผลต่อราคา | จุดตรวจเฉพาะรุ่น | ปัจจัยราคา | อุปกรณ์/ประกัน | FAQ เฉพาะรุ่น
model-iphone-13,/รับซื้อ-iphone-13-ขอนแก่น/,model,iphone,iPhone 13,INDEX,/รับซื้อ-iphone-ขอนแก่น/,/ยี่ห้อและรุ่นที่รับซื้อ/,ภาพรวมรุ่น/ซีรีส์ | รุ่นย่อยและสเปกที่มีผลต่อราคา | จุดตรวจเฉพาะรุ่น | ปัจจัยราคา | อุปกรณ์/ประกัน | FAQ เฉพาะรุ่น
model-iphone-13-mini,/รับซื้อ-iphone-13-mini-ขอนแก่น/,model,iphone,iPhone 13 mini,INDEX,/รับซื้อ-iphone-ขอนแก่น/,/ยี่ห้อและรุ่นที่รับซื้อ/,ภาพรวมรุ่น/ซีรีส์ | รุ่นย่อยและสเปกที่มีผลต่อราคา | จุดตรวจเฉพาะรุ่น | ปัจจัยราคา | อุปกรณ์/ประกัน | FAQ เฉพาะรุ่น
model-iphone-13-pro,/รับซื้อ-iphone-13-pro-ขอนแก่น/,model,iphone,iPhone 13 Pro,INDEX,/รับซื้อ-iphone-ขอนแก่น/,/ยี่ห้อและรุ่นที่รับซื้อ/,ภาพรวมรุ่น/ซีรีส์ | รุ่นย่อยและสเปกที่มีผลต่อราคา | จุดตรวจเฉพาะรุ่น | ปัจจัยราคา | อุปกรณ์/ประกัน | FAQ เฉพาะรุ่น
model-iphone-13-pro-max,/รับซื้อ-iphone-13-pro-max-ขอนแก่น/,model,iphone,iPhone 13 Pro Max,INDEX,/รับซื้อ-iphone-ขอนแก่น/,/ยี่ห้อและรุ่นที่รับซื้อ/,ภาพรวมรุ่น/ซีรีส์ | รุ่นย่อยและสเปกที่มีผลต่อราคา | จุดตรวจเฉพาะรุ่น | ปัจจัยราคา | อุปกรณ์/ประกัน | FAQ เฉพาะรุ่น
model-iphone-14,/รับซื้อ-iphone-14-ขอนแก่น/,model,iphone,iPhone 14,INDEX,/รับซื้อ-iphone-ขอนแก่น/,/ยี่ห้อและรุ่นที่รับซื้อ/,ภาพรวมรุ่น/ซีรีส์ | รุ่นย่อยและสเปกที่มีผลต่อราคา | จุดตรวจเฉพาะรุ่น | ปัจจัยราคา | อุปกรณ์/ประกัน | FAQ เฉพาะรุ่น
model-iphone-14-plus,/รับซื้อ-iphone-14-plus-ขอนแก่น/,model,iphone,iPhone 14 Plus,INDEX,/รับซื้อ-iphone-ขอนแก่น/,/ยี่ห้อและรุ่นที่รับซื้อ/,ภาพรวมรุ่น/ซีรีส์ | รุ่นย่อยและสเปกที่มีผลต่อราคา | จุดตรวจเฉพาะรุ่น | ปัจจัยราคา | อุปกรณ์/ประกัน | FAQ เฉพาะรุ่น
model-iphone-14-pro,/รับซื้อ-iphone-14-pro-ขอนแก่น/,model,iphone,iPhone 14 Pro,INDEX,/รับซื้อ-iphone-ขอนแก่น/,/ยี่ห้อและรุ่นที่รับซื้อ/,ภาพรวมรุ่น/ซีรีส์ | รุ่นย่อยและสเปกที่มีผลต่อราคา | จุดตรวจเฉพาะรุ่น | ปัจจัยราคา | อุปกรณ์/ประกัน | FAQ เฉพาะรุ่น
model-iphone-14-pro-max,/รับซื้อ-iphone-14-pro-max-ขอนแก่น/,model,iphone,iPhone 14 Pro Max,INDEX,/รับซื้อ-iphone-ขอนแก่น/,/ยี่ห้อและรุ่นที่รับซื้อ/,ภาพรวมรุ่น/ซีรีส์ | รุ่นย่อยและสเปกที่มีผลต่อราคา | จุดตรวจเฉพาะรุ่น | ปัจจัยราคา | อุปกรณ์/ประกัน | FAQ เฉพาะรุ่น
model-iphone-15,/รับซื้อ-iphone-15-ขอนแก่น/,model,iphone,iPhone 15,INDEX,/รับซื้อ-iphone-ขอนแก่น/,/ยี่ห้อและรุ่นที่รับซื้อ/,ภาพรวมรุ่น/ซีรีส์ | รุ่นย่อยและสเปกที่มีผลต่อราคา | จุดตรวจเฉพาะรุ่น | ปัจจัยราคา | อุปกรณ์/ประกัน | FAQ เฉพาะรุ่น
model-iphone-15-plus,/รับซื้อ-iphone-15-plus-ขอนแก่น/,model,iphone,iPhone 15 Plus,INDEX,/รับซื้อ-iphone-ขอนแก่น/,/ยี่ห้อและรุ่นที่รับซื้อ/,ภาพรวมรุ่น/ซีรีส์ | รุ่นย่อยและสเปกที่มีผลต่อราคา | จุดตรวจเฉพาะรุ่น | ปัจจัยราคา | อุปกรณ์/ประกัน | FAQ เฉพาะรุ่น
model-iphone-15-pro,/รับซื้อ-iphone-15-pro-ขอนแก่น/,model,iphone,iPhone 15 Pro,INDEX,/รับซื้อ-iphone-ขอนแก่น/,/ยี่ห้อและรุ่นที่รับซื้อ/,ภาพรวมรุ่น/ซีรีส์ | รุ่นย่อยและสเปกที่มีผลต่อราคา | จุดตรวจเฉพาะรุ่น | ปัจจัยราคา | อุปกรณ์/ประกัน | FAQ เฉพาะรุ่น
model-iphone-15-pro-max,/รับซื้อ-iphone-15-pro-max-ขอนแก่น/,model,iphone,iPhone 15 Pro Max,INDEX,/รับซื้อ-iphone-ขอนแก่น/,/ยี่ห้อและรุ่นที่รับซื้อ/,ภาพรวมรุ่น/ซีรีส์ | รุ่นย่อยและสเปกที่มีผลต่อราคา | จุดตรวจเฉพาะรุ่น | ปัจจัยราคา | อุปกรณ์/ประกัน | FAQ เฉพาะรุ่น
model-iphone-16,/รับซื้อ-iphone-16-ขอนแก่น/,model,iphone,iPhone 16,INDEX,/รับซื้อ-iphone-ขอนแก่น/,/ยี่ห้อและรุ่นที่รับซื้อ/,ภาพรวมรุ่น/ซีรีส์ | รุ่นย่อยและสเปกที่มีผลต่อราคา | จุดตรวจเฉพาะรุ่น | ปัจจัยราคา | อุปกรณ์/ประกัน | FAQ เฉพาะรุ่น
model-iphone-16-plus,/รับซื้อ-iphone-16-plus-ขอนแก่น/,model,iphone,iPhone 16 Plus,INDEX,/รับซื้อ-iphone-ขอนแก่น/,/ยี่ห้อและรุ่นที่รับซื้อ/,ภาพรวมรุ่น/ซีรีส์ | รุ่นย่อยและสเปกที่มีผลต่อราคา | จุดตรวจเฉพาะรุ่น | ปัจจัยราคา | อุปกรณ์/ประกัน | FAQ เฉพาะรุ่น
model-iphone-16-pro,/รับซื้อ-iphone-16-pro-ขอนแก่น/,model,iphone,iPhone 16 Pro,INDEX,/รับซื้อ-iphone-ขอนแก่น/,/ยี่ห้อและรุ่นที่รับซื้อ/,ภาพรวมรุ่น/ซีรีส์ | รุ่นย่อยและสเปกที่มีผลต่อราคา | จุดตรวจเฉพาะรุ่น | ปัจจัยราคา | อุปกรณ์/ประกัน | FAQ เฉพาะรุ่น
model-iphone-16-pro-max,/รับซื้อ-iphone-16-pro-max-ขอนแก่น/,model,iphone,iPhone 16 Pro Max,INDEX,/รับซื้อ-iphone-ขอนแก่น/,/ยี่ห้อและรุ่นที่รับซื้อ/,ภาพรวมรุ่น/ซีรีส์ | รุ่นย่อยและสเปกที่มีผลต่อราคา | จุดตรวจเฉพาะรุ่น | ปัจจัยราคา | อุปกรณ์/ประกัน | FAQ เฉพาะรุ่น
model-ipad-gen-9,/รับซื้อ-ipad-gen-9-ขอนแก่น/,model,ipad,iPad Gen 9,INDEX,/รับซื้อ-ipad-แท็บเล็ต-ขอนแก่น/,/ยี่ห้อและรุ่นที่รับซื้อ/,ภาพรวมรุ่น/ซีรีส์ | รุ่นย่อยและสเปกที่มีผลต่อราคา | จุดตรวจเฉพาะรุ่น | ปัจจัยราคา | อุปกรณ์/ประกัน | FAQ เฉพาะรุ่น
model-ipad-gen-10,/รับซื้อ-ipad-gen-10-ขอนแก่น/,model,ipad,iPad Gen 10,INDEX,/รับซื้อ-ipad-แท็บเล็ต-ขอนแก่น/,/ยี่ห้อและรุ่นที่รับซื้อ/,ภาพรวมรุ่น/ซีรีส์ | รุ่นย่อยและสเปกที่มีผลต่อราคา | จุดตรวจเฉพาะรุ่น | ปัจจัยราคา | อุปกรณ์/ประกัน | FAQ เฉพาะรุ่น
model-ipad-a16,/รับซื้อ-ipad-a16-ขอนแก่น/,model,ipad,iPad A16,INDEX,/รับซื้อ-ipad-แท็บเล็ต-ขอนแก่น/,/ยี่ห้อและรุ่นที่รับซื้อ/,ภาพรวมรุ่น/ซีรีส์ | รุ่นย่อยและสเปกที่มีผลต่อราคา | จุดตรวจเฉพาะรุ่น | ปัจจัยราคา | อุปกรณ์/ประกัน | FAQ เฉพาะรุ่น
model-ipad-air-4,/รับซื้อ-ipad-air-4-ขอนแก่น/,model,ipad,iPad Air 4,INDEX,/รับซื้อ-ipad-แท็บเล็ต-ขอนแก่น/,/ยี่ห้อและรุ่นที่รับซื้อ/,ภาพรวมรุ่น/ซีรีส์ | รุ่นย่อยและสเปกที่มีผลต่อราคา | จุดตรวจเฉพาะรุ่น | ปัจจัยราคา | อุปกรณ์/ประกัน | FAQ เฉพาะรุ่น
model-ipad-air-5,/รับซื้อ-ipad-air-5-ขอนแก่น/,model,ipad,iPad Air 5,INDEX,/รับซื้อ-ipad-แท็บเล็ต-ขอนแก่น/,/ยี่ห้อและรุ่นที่รับซื้อ/,ภาพรวมรุ่น/ซีรีส์ | รุ่นย่อยและสเปกที่มีผลต่อราคา | จุดตรวจเฉพาะรุ่น | ปัจจัยราคา | อุปกรณ์/ประกัน | FAQ เฉพาะรุ่น
model-ipad-air-m2-11,/รับซื้อ-ipad-air-m2-11-ขอนแก่น/,model,ipad,iPad Air M2 11-inch,INDEX,/รับซื้อ-ipad-แท็บเล็ต-ขอนแก่น/,/ยี่ห้อและรุ่นที่รับซื้อ/,ภาพรวมรุ่น/ซีรีส์ | รุ่นย่อยและสเปกที่มีผลต่อราคา | จุดตรวจเฉพาะรุ่น | ปัจจัยราคา | อุปกรณ์/ประกัน | FAQ เฉพาะรุ่น
model-ipad-air-m2-13,/รับซื้อ-ipad-air-m2-13-ขอนแก่น/,model,ipad,iPad Air M2 13-inch,INDEX,/รับซื้อ-ipad-แท็บเล็ต-ขอนแก่น/,/ยี่ห้อและรุ่นที่รับซื้อ/,ภาพรวมรุ่น/ซีรีส์ | รุ่นย่อยและสเปกที่มีผลต่อราคา | จุดตรวจเฉพาะรุ่น | ปัจจัยราคา | อุปกรณ์/ประกัน | FAQ เฉพาะรุ่น
model-ipad-pro-m1-11,/รับซื้อ-ipad-pro-m1-11-ขอนแก่น/,model,ipad,iPad Pro M1 11-inch,INDEX,/รับซื้อ-ipad-แท็บเล็ต-ขอนแก่น/,/ยี่ห้อและรุ่นที่รับซื้อ/,ภาพรวมรุ่น/ซีรีส์ | รุ่นย่อยและสเปกที่มีผลต่อราคา | จุดตรวจเฉพาะรุ่น | ปัจจัยราคา | อุปกรณ์/ประกัน | FAQ เฉพาะรุ่น
model-ipad-pro-m1-12-9,/รับซื้อ-ipad-pro-m1-12-9-ขอนแก่น/,model,ipad,iPad Pro M1 12.9-inch,INDEX,/รับซื้อ-ipad-แท็บเล็ต-ขอนแก่น/,/ยี่ห้อและรุ่นที่รับซื้อ/,ภาพรวมรุ่น/ซีรีส์ | รุ่นย่อยและสเปกที่มีผลต่อราคา | จุดตรวจเฉพาะรุ่น | ปัจจัยราคา | อุปกรณ์/ประกัน | FAQ เฉพาะรุ่น
model-ipad-pro-m2-11,/รับซื้อ-ipad-pro-m2-11-ขอนแก่น/,model,ipad,iPad Pro M2 11-inch,INDEX,/รับซื้อ-ipad-แท็บเล็ต-ขอนแก่น/,/ยี่ห้อและรุ่นที่รับซื้อ/,ภาพรวมรุ่น/ซีรีส์ | รุ่นย่อยและสเปกที่มีผลต่อราคา | จุดตรวจเฉพาะรุ่น | ปัจจัยราคา | อุปกรณ์/ประกัน | FAQ เฉพาะรุ่น
model-ipad-pro-m2-12-9,/รับซื้อ-ipad-pro-m2-12-9-ขอนแก่น/,model,ipad,iPad Pro M2 12.9-inch,INDEX,/รับซื้อ-ipad-แท็บเล็ต-ขอนแก่น/,/ยี่ห้อและรุ่นที่รับซื้อ/,ภาพรวมรุ่น/ซีรีส์ | รุ่นย่อยและสเปกที่มีผลต่อราคา | จุดตรวจเฉพาะรุ่น | ปัจจัยราคา | อุปกรณ์/ประกัน | FAQ เฉพาะรุ่น
model-ipad-pro-m4-11,/รับซื้อ-ipad-pro-m4-11-ขอนแก่น/,model,ipad,iPad Pro M4 11-inch,INDEX,/รับซื้อ-ipad-แท็บเล็ต-ขอนแก่น/,/ยี่ห้อและรุ่นที่รับซื้อ/,ภาพรวมรุ่น/ซีรีส์ | รุ่นย่อยและสเปกที่มีผลต่อราคา | จุดตรวจเฉพาะรุ่น | ปัจจัยราคา | อุปกรณ์/ประกัน | FAQ เฉพาะรุ่น
model-ipad-pro-m4-13,/รับซื้อ-ipad-pro-m4-13-ขอนแก่น/,model,ipad,iPad Pro M4 13-inch,INDEX,/รับซื้อ-ipad-แท็บเล็ต-ขอนแก่น/,/ยี่ห้อและรุ่นที่รับซื้อ/,ภาพรวมรุ่น/ซีรีส์ | รุ่นย่อยและสเปกที่มีผลต่อราคา | จุดตรวจเฉพาะรุ่น | ปัจจัยราคา | อุปกรณ์/ประกัน | FAQ เฉพาะรุ่น
model-ipad-mini-6,/รับซื้อ-ipad-mini-6-ขอนแก่น/,model,ipad,iPad mini 6,INDEX,/รับซื้อ-ipad-แท็บเล็ต-ขอนแก่น/,/ยี่ห้อและรุ่นที่รับซื้อ/,ภาพรวมรุ่น/ซีรีส์ | รุ่นย่อยและสเปกที่มีผลต่อราคา | จุดตรวจเฉพาะรุ่น | ปัจจัยราคา | อุปกรณ์/ประกัน | FAQ เฉพาะรุ่น
model-ipad-mini-a17-pro,/รับซื้อ-ipad-mini-a17-pro-ขอนแก่น/,model,ipad,iPad mini A17 Pro,INDEX,/รับซื้อ-ipad-แท็บเล็ต-ขอนแก่น/,/ยี่ห้อและรุ่นที่รับซื้อ/,ภาพรวมรุ่น/ซีรีส์ | รุ่นย่อยและสเปกที่มีผลต่อราคา | จุดตรวจเฉพาะรุ่น | ปัจจัยราคา | อุปกรณ์/ประกัน | FAQ เฉพาะรุ่น
model-rtx-3060,/รับซื้อ-rtx-3060-ขอนแก่น/,model,gpu,GeForce RTX 3060,INDEX,/รับซื้อการ์ดจอ-ขอนแก่น/,/ยี่ห้อและรุ่นที่รับซื้อ/,ภาพรวมรุ่น/ซีรีส์ | รุ่นย่อยและสเปกที่มีผลต่อราคา | จุดตรวจเฉพาะรุ่น | ปัจจัยราคา | อุปกรณ์/ประกัน | FAQ เฉพาะรุ่น
model-rtx-3060-ti,/รับซื้อ-rtx-3060-ti-ขอนแก่น/,model,gpu,GeForce RTX 3060 Ti,INDEX,/รับซื้อการ์ดจอ-ขอนแก่น/,/ยี่ห้อและรุ่นที่รับซื้อ/,ภาพรวมรุ่น/ซีรีส์ | รุ่นย่อยและสเปกที่มีผลต่อราคา | จุดตรวจเฉพาะรุ่น | ปัจจัยราคา | อุปกรณ์/ประกัน | FAQ เฉพาะรุ่น
model-rtx-3070,/รับซื้อ-rtx-3070-ขอนแก่น/,model,gpu,GeForce RTX 3070,INDEX,/รับซื้อการ์ดจอ-ขอนแก่น/,/ยี่ห้อและรุ่นที่รับซื้อ/,ภาพรวมรุ่น/ซีรีส์ | รุ่นย่อยและสเปกที่มีผลต่อราคา | จุดตรวจเฉพาะรุ่น | ปัจจัยราคา | อุปกรณ์/ประกัน | FAQ เฉพาะรุ่น
model-rtx-3070-ti,/รับซื้อ-rtx-3070-ti-ขอนแก่น/,model,gpu,GeForce RTX 3070 Ti,INDEX,/รับซื้อการ์ดจอ-ขอนแก่น/,/ยี่ห้อและรุ่นที่รับซื้อ/,ภาพรวมรุ่น/ซีรีส์ | รุ่นย่อยและสเปกที่มีผลต่อราคา | จุดตรวจเฉพาะรุ่น | ปัจจัยราคา | อุปกรณ์/ประกัน | FAQ เฉพาะรุ่น
model-rtx-3080,/รับซื้อ-rtx-3080-ขอนแก่น/,model,gpu,GeForce RTX 3080,INDEX,/รับซื้อการ์ดจอ-ขอนแก่น/,/ยี่ห้อและรุ่นที่รับซื้อ/,ภาพรวมรุ่น/ซีรีส์ | รุ่นย่อยและสเปกที่มีผลต่อราคา | จุดตรวจเฉพาะรุ่น | ปัจจัยราคา | อุปกรณ์/ประกัน | FAQ เฉพาะรุ่น
model-rtx-3080-ti,/รับซื้อ-rtx-3080-ti-ขอนแก่น/,model,gpu,GeForce RTX 3080 Ti,INDEX,/รับซื้อการ์ดจอ-ขอนแก่น/,/ยี่ห้อและรุ่นที่รับซื้อ/,ภาพรวมรุ่น/ซีรีส์ | รุ่นย่อยและสเปกที่มีผลต่อราคา | จุดตรวจเฉพาะรุ่น | ปัจจัยราคา | อุปกรณ์/ประกัน | FAQ เฉพาะรุ่น
model-rtx-3090,/รับซื้อ-rtx-3090-ขอนแก่น/,model,gpu,GeForce RTX 3090,INDEX,/รับซื้อการ์ดจอ-ขอนแก่น/,/ยี่ห้อและรุ่นที่รับซื้อ/,ภาพรวมรุ่น/ซีรีส์ | รุ่นย่อยและสเปกที่มีผลต่อราคา | จุดตรวจเฉพาะรุ่น | ปัจจัยราคา | อุปกรณ์/ประกัน | FAQ เฉพาะรุ่น
model-rtx-4060,/รับซื้อ-rtx-4060-ขอนแก่น/,model,gpu,GeForce RTX 4060,INDEX,/รับซื้อการ์ดจอ-ขอนแก่น/,/ยี่ห้อและรุ่นที่รับซื้อ/,ภาพรวมรุ่น/ซีรีส์ | รุ่นย่อยและสเปกที่มีผลต่อราคา | จุดตรวจเฉพาะรุ่น | ปัจจัยราคา | อุปกรณ์/ประกัน | FAQ เฉพาะรุ่น
model-rtx-4060-ti,/รับซื้อ-rtx-4060-ti-ขอนแก่น/,model,gpu,GeForce RTX 4060 Ti,INDEX,/รับซื้อการ์ดจอ-ขอนแก่น/,/ยี่ห้อและรุ่นที่รับซื้อ/,ภาพรวมรุ่น/ซีรีส์ | รุ่นย่อยและสเปกที่มีผลต่อราคา | จุดตรวจเฉพาะรุ่น | ปัจจัยราคา | อุปกรณ์/ประกัน | FAQ เฉพาะรุ่น
model-rtx-4070,/รับซื้อ-rtx-4070-ขอนแก่น/,model,gpu,GeForce RTX 4070,INDEX,/รับซื้อการ์ดจอ-ขอนแก่น/,/ยี่ห้อและรุ่นที่รับซื้อ/,ภาพรวมรุ่น/ซีรีส์ | รุ่นย่อยและสเปกที่มีผลต่อราคา | จุดตรวจเฉพาะรุ่น | ปัจจัยราคา | อุปกรณ์/ประกัน | FAQ เฉพาะรุ่น
model-rtx-4070-super,/รับซื้อ-rtx-4070-super-ขอนแก่น/,model,gpu,GeForce RTX 4070 SUPER,INDEX,/รับซื้อการ์ดจอ-ขอนแก่น/,/ยี่ห้อและรุ่นที่รับซื้อ/,ภาพรวมรุ่น/ซีรีส์ | รุ่นย่อยและสเปกที่มีผลต่อราคา | จุดตรวจเฉพาะรุ่น | ปัจจัยราคา | อุปกรณ์/ประกัน | FAQ เฉพาะรุ่น
model-rtx-4070-ti-super,/รับซื้อ-rtx-4070-ti-super-ขอนแก่น/,model,gpu,GeForce RTX 4070 Ti SUPER,INDEX,/รับซื้อการ์ดจอ-ขอนแก่น/,/ยี่ห้อและรุ่นที่รับซื้อ/,ภาพรวมรุ่น/ซีรีส์ | รุ่นย่อยและสเปกที่มีผลต่อราคา | จุดตรวจเฉพาะรุ่น | ปัจจัยราคา | อุปกรณ์/ประกัน | FAQ เฉพาะรุ่น
model-rtx-4080,/รับซื้อ-rtx-4080-ขอนแก่น/,model,gpu,GeForce RTX 4080,INDEX,/รับซื้อการ์ดจอ-ขอนแก่น/,/ยี่ห้อและรุ่นที่รับซื้อ/,ภาพรวมรุ่น/ซีรีส์ | รุ่นย่อยและสเปกที่มีผลต่อราคา | จุดตรวจเฉพาะรุ่น | ปัจจัยราคา | อุปกรณ์/ประกัน | FAQ เฉพาะรุ่น
model-rtx-4080-super,/รับซื้อ-rtx-4080-super-ขอนแก่น/,model,gpu,GeForce RTX 4080 SUPER,INDEX,/รับซื้อการ์ดจอ-ขอนแก่น/,/ยี่ห้อและรุ่นที่รับซื้อ/,ภาพรวมรุ่น/ซีรีส์ | รุ่นย่อยและสเปกที่มีผลต่อราคา | จุดตรวจเฉพาะรุ่น | ปัจจัยราคา | อุปกรณ์/ประกัน | FAQ เฉพาะรุ่น
model-rtx-4090,/รับซื้อ-rtx-4090-ขอนแก่น/,model,gpu,GeForce RTX 4090,INDEX,/รับซื้อการ์ดจอ-ขอนแก่น/,/ยี่ห้อและรุ่นที่รับซื้อ/,ภาพรวมรุ่น/ซีรีส์ | รุ่นย่อยและสเปกที่มีผลต่อราคา | จุดตรวจเฉพาะรุ่น | ปัจจัยราคา | อุปกรณ์/ประกัน | FAQ เฉพาะรุ่น
model-rtx-5060,/รับซื้อ-rtx-5060-ขอนแก่น/,model,gpu,GeForce RTX 5060,INDEX,/รับซื้อการ์ดจอ-ขอนแก่น/,/ยี่ห้อและรุ่นที่รับซื้อ/,ภาพรวมรุ่น/ซีรีส์ | รุ่นย่อยและสเปกที่มีผลต่อราคา | จุดตรวจเฉพาะรุ่น | ปัจจัยราคา | อุปกรณ์/ประกัน | FAQ เฉพาะรุ่น
model-rtx-5060-ti,/รับซื้อ-rtx-5060-ti-ขอนแก่น/,model,gpu,GeForce RTX 5060 Ti,INDEX,/รับซื้อการ์ดจอ-ขอนแก่น/,/ยี่ห้อและรุ่นที่รับซื้อ/,ภาพรวมรุ่น/ซีรีส์ | รุ่นย่อยและสเปกที่มีผลต่อราคา | จุดตรวจเฉพาะรุ่น | ปัจจัยราคา | อุปกรณ์/ประกัน | FAQ เฉพาะรุ่น
model-rtx-5070,/รับซื้อ-rtx-5070-ขอนแก่น/,model,gpu,GeForce RTX 5070,INDEX,/รับซื้อการ์ดจอ-ขอนแก่น/,/ยี่ห้อและรุ่นที่รับซื้อ/,ภาพรวมรุ่น/ซีรีส์ | รุ่นย่อยและสเปกที่มีผลต่อราคา | จุดตรวจเฉพาะรุ่น | ปัจจัยราคา | อุปกรณ์/ประกัน | FAQ เฉพาะรุ่น
model-rx-6600,/รับซื้อ-rx-6600-ขอนแก่น/,model,gpu,Radeon RX 6600,INDEX,/รับซื้อการ์ดจอ-ขอนแก่น/,/ยี่ห้อและรุ่นที่รับซื้อ/,ภาพรวมรุ่น/ซีรีส์ | รุ่นย่อยและสเปกที่มีผลต่อราคา | จุดตรวจเฉพาะรุ่น | ปัจจัยราคา | อุปกรณ์/ประกัน | FAQ เฉพาะรุ่น
model-rx-6700-xt,/รับซื้อ-rx-6700-xt-ขอนแก่น/,model,gpu,Radeon RX 6700 XT,INDEX,/รับซื้อการ์ดจอ-ขอนแก่น/,/ยี่ห้อและรุ่นที่รับซื้อ/,ภาพรวมรุ่น/ซีรีส์ | รุ่นย่อยและสเปกที่มีผลต่อราคา | จุดตรวจเฉพาะรุ่น | ปัจจัยราคา | อุปกรณ์/ประกัน | FAQ เฉพาะรุ่น
model-rx-7600,/รับซื้อ-rx-7600-ขอนแก่น/,model,gpu,Radeon RX 7600,INDEX,/รับซื้อการ์ดจอ-ขอนแก่น/,/ยี่ห้อและรุ่นที่รับซื้อ/,ภาพรวมรุ่น/ซีรีส์ | รุ่นย่อยและสเปกที่มีผลต่อราคา | จุดตรวจเฉพาะรุ่น | ปัจจัยราคา | อุปกรณ์/ประกัน | FAQ เฉพาะรุ่น
model-rx-7700-xt,/รับซื้อ-rx-7700-xt-ขอนแก่น/,model,gpu,Radeon RX 7700 XT,INDEX,/รับซื้อการ์ดจอ-ขอนแก่น/,/ยี่ห้อและรุ่นที่รับซื้อ/,ภาพรวมรุ่น/ซีรีส์ | รุ่นย่อยและสเปกที่มีผลต่อราคา | จุดตรวจเฉพาะรุ่น | ปัจจัยราคา | อุปกรณ์/ประกัน | FAQ เฉพาะรุ่น
model-rx-7800-xt,/รับซื้อ-rx-7800-xt-ขอนแก่น/,model,gpu,Radeon RX 7800 XT,INDEX,/รับซื้อการ์ดจอ-ขอนแก่น/,/ยี่ห้อและรุ่นที่รับซื้อ/,ภาพรวมรุ่น/ซีรีส์ | รุ่นย่อยและสเปกที่มีผลต่อราคา | จุดตรวจเฉพาะรุ่น | ปัจจัยราคา | อุปกรณ์/ประกัน | FAQ เฉพาะรุ่น
model-rx-7900-xt,/รับซื้อ-rx-7900-xt-ขอนแก่น/,model,gpu,Radeon RX 7900 XT,INDEX,/รับซื้อการ์ดจอ-ขอนแก่น/,/ยี่ห้อและรุ่นที่รับซื้อ/,ภาพรวมรุ่น/ซีรีส์ | รุ่นย่อยและสเปกที่มีผลต่อราคา | จุดตรวจเฉพาะรุ่น | ปัจจัยราคา | อุปกรณ์/ประกัน | FAQ เฉพาะรุ่น
model-rx-7900-xtx,/รับซื้อ-rx-7900-xtx-ขอนแก่น/,model,gpu,Radeon RX 7900 XTX,INDEX,/รับซื้อการ์ดจอ-ขอนแก่น/,/ยี่ห้อและรุ่นที่รับซื้อ/,ภาพรวมรุ่น/ซีรีส์ | รุ่นย่อยและสเปกที่มีผลต่อราคา | จุดตรวจเฉพาะรุ่น | ปัจจัยราคา | อุปกรณ์/ประกัน | FAQ เฉพาะรุ่น
model-intel-core-i5-12400f,/รับซื้อ-intel-core-i5-12400f-ขอนแก่น/,model,cpu-parts,Intel Core i5-12400F,INDEX,/รับซื้อคอมพิวเตอร์-ขอนแก่น/,/ยี่ห้อและรุ่นที่รับซื้อ/,ภาพรวมรุ่น/ซีรีส์ | รุ่นย่อยและสเปกที่มีผลต่อราคา | จุดตรวจเฉพาะรุ่น | ปัจจัยราคา | อุปกรณ์/ประกัน | FAQ เฉพาะรุ่น
model-intel-core-i5-13400f,/รับซื้อ-intel-core-i5-13400f-ขอนแก่น/,model,cpu-parts,Intel Core i5-13400F,INDEX,/รับซื้อคอมพิวเตอร์-ขอนแก่น/,/ยี่ห้อและรุ่นที่รับซื้อ/,ภาพรวมรุ่น/ซีรีส์ | รุ่นย่อยและสเปกที่มีผลต่อราคา | จุดตรวจเฉพาะรุ่น | ปัจจัยราคา | อุปกรณ์/ประกัน | FAQ เฉพาะรุ่น
model-intel-core-i5-14400f,/รับซื้อ-intel-core-i5-14400f-ขอนแก่น/,model,cpu-parts,Intel Core i5-14400F,INDEX,/รับซื้อคอมพิวเตอร์-ขอนแก่น/,/ยี่ห้อและรุ่นที่รับซื้อ/,ภาพรวมรุ่น/ซีรีส์ | รุ่นย่อยและสเปกที่มีผลต่อราคา | จุดตรวจเฉพาะรุ่น | ปัจจัยราคา | อุปกรณ์/ประกัน | FAQ เฉพาะรุ่น
model-intel-core-i7-12700,/รับซื้อ-intel-core-i7-12700-ขอนแก่น/,model,cpu-parts,Intel Core i7-12700,INDEX,/รับซื้อคอมพิวเตอร์-ขอนแก่น/,/ยี่ห้อและรุ่นที่รับซื้อ/,ภาพรวมรุ่น/ซีรีส์ | รุ่นย่อยและสเปกที่มีผลต่อราคา | จุดตรวจเฉพาะรุ่น | ปัจจัยราคา | อุปกรณ์/ประกัน | FAQ เฉพาะรุ่น
model-intel-core-i7-13700,/รับซื้อ-intel-core-i7-13700-ขอนแก่น/,model,cpu-parts,Intel Core i7-13700,INDEX,/รับซื้อคอมพิวเตอร์-ขอนแก่น/,/ยี่ห้อและรุ่นที่รับซื้อ/,ภาพรวมรุ่น/ซีรีส์ | รุ่นย่อยและสเปกที่มีผลต่อราคา | จุดตรวจเฉพาะรุ่น | ปัจจัยราคา | อุปกรณ์/ประกัน | FAQ เฉพาะรุ่น
model-amd-ryzen-5-5500,/รับซื้อ-amd-ryzen-5-5500-ขอนแก่น/,model,cpu-parts,AMD Ryzen 5 5500,INDEX,/รับซื้อคอมพิวเตอร์-ขอนแก่น/,/ยี่ห้อและรุ่นที่รับซื้อ/,ภาพรวมรุ่น/ซีรีส์ | รุ่นย่อยและสเปกที่มีผลต่อราคา | จุดตรวจเฉพาะรุ่น | ปัจจัยราคา | อุปกรณ์/ประกัน | FAQ เฉพาะรุ่น
model-amd-ryzen-5-5600,/รับซื้อ-amd-ryzen-5-5600-ขอนแก่น/,model,cpu-parts,AMD Ryzen 5 5600,INDEX,/รับซื้อคอมพิวเตอร์-ขอนแก่น/,/ยี่ห้อและรุ่นที่รับซื้อ/,ภาพรวมรุ่น/ซีรีส์ | รุ่นย่อยและสเปกที่มีผลต่อราคา | จุดตรวจเฉพาะรุ่น | ปัจจัยราคา | อุปกรณ์/ประกัน | FAQ เฉพาะรุ่น
model-amd-ryzen-5-7500f,/รับซื้อ-amd-ryzen-5-7500f-ขอนแก่น/,model,cpu-parts,AMD Ryzen 5 7500F,INDEX,/รับซื้อคอมพิวเตอร์-ขอนแก่น/,/ยี่ห้อและรุ่นที่รับซื้อ/,ภาพรวมรุ่น/ซีรีส์ | รุ่นย่อยและสเปกที่มีผลต่อราคา | จุดตรวจเฉพาะรุ่น | ปัจจัยราคา | อุปกรณ์/ประกัน | FAQ เฉพาะรุ่น
model-amd-ryzen-7-5700x,/รับซื้อ-amd-ryzen-7-5700x-ขอนแก่น/,model,cpu-parts,AMD Ryzen 7 5700X,INDEX,/รับซื้อคอมพิวเตอร์-ขอนแก่น/,/ยี่ห้อและรุ่นที่รับซื้อ/,ภาพรวมรุ่น/ซีรีส์ | รุ่นย่อยและสเปกที่มีผลต่อราคา | จุดตรวจเฉพาะรุ่น | ปัจจัยราคา | อุปกรณ์/ประกัน | FAQ เฉพาะรุ่น
model-amd-ryzen-7-7800x3d,/รับซื้อ-amd-ryzen-7-7800x3d-ขอนแก่น/,model,cpu-parts,AMD Ryzen 7 7800X3D,INDEX,/รับซื้อคอมพิวเตอร์-ขอนแก่น/,/ยี่ห้อและรุ่นที่รับซื้อ/,ภาพรวมรุ่น/ซีรีส์ | รุ่นย่อยและสเปกที่มีผลต่อราคา | จุดตรวจเฉพาะรุ่น | ปัจจัยราคา | อุปกรณ์/ประกัน | FAQ เฉพาะรุ่น
model-sony-a6000,/รับซื้อ-sony-a6000-ขอนแก่น/,model,camera,Sony A6000,INDEX,/รับซื้อกล้อง-ขอนแก่น/,/ยี่ห้อและรุ่นที่รับซื้อ/,ภาพรวมรุ่น/ซีรีส์ | รุ่นย่อยและสเปกที่มีผลต่อราคา | จุดตรวจเฉพาะรุ่น | ปัจจัยราคา | อุปกรณ์/ประกัน | FAQ เฉพาะรุ่น
model-sony-a6400,/รับซื้อ-sony-a6400-ขอนแก่น/,model,camera,Sony A6400,INDEX,/รับซื้อกล้อง-ขอนแก่น/,/ยี่ห้อและรุ่นที่รับซื้อ/,ภาพรวมรุ่น/ซีรีส์ | รุ่นย่อยและสเปกที่มีผลต่อราคา | จุดตรวจเฉพาะรุ่น | ปัจจัยราคา | อุปกรณ์/ประกัน | FAQ เฉพาะรุ่น
model-sony-a6600,/รับซื้อ-sony-a6600-ขอนแก่น/,model,camera,Sony A6600,INDEX,/รับซื้อกล้อง-ขอนแก่น/,/ยี่ห้อและรุ่นที่รับซื้อ/,ภาพรวมรุ่น/ซีรีส์ | รุ่นย่อยและสเปกที่มีผลต่อราคา | จุดตรวจเฉพาะรุ่น | ปัจจัยราคา | อุปกรณ์/ประกัน | FAQ เฉพาะรุ่น
model-sony-a7-iii,/รับซื้อ-sony-a7-iii-ขอนแก่น/,model,camera,Sony A7 III,INDEX,/รับซื้อกล้อง-ขอนแก่น/,/ยี่ห้อและรุ่นที่รับซื้อ/,ภาพรวมรุ่น/ซีรีส์ | รุ่นย่อยและสเปกที่มีผลต่อราคา | จุดตรวจเฉพาะรุ่น | ปัจจัยราคา | อุปกรณ์/ประกัน | FAQ เฉพาะรุ่น
model-sony-a7-iv,/รับซื้อ-sony-a7-iv-ขอนแก่น/,model,camera,Sony A7 IV,INDEX,/รับซื้อกล้อง-ขอนแก่น/,/ยี่ห้อและรุ่นที่รับซื้อ/,ภาพรวมรุ่น/ซีรีส์ | รุ่นย่อยและสเปกที่มีผลต่อราคา | จุดตรวจเฉพาะรุ่น | ปัจจัยราคา | อุปกรณ์/ประกัน | FAQ เฉพาะรุ่น
model-canon-eos-r,/รับซื้อ-canon-eos-r-ขอนแก่น/,model,camera,Canon EOS R,INDEX,/รับซื้อกล้อง-ขอนแก่น/,/ยี่ห้อและรุ่นที่รับซื้อ/,ภาพรวมรุ่น/ซีรีส์ | รุ่นย่อยและสเปกที่มีผลต่อราคา | จุดตรวจเฉพาะรุ่น | ปัจจัยราคา | อุปกรณ์/ประกัน | FAQ เฉพาะรุ่น
model-canon-eos-r6,/รับซื้อ-canon-eos-r6-ขอนแก่น/,model,camera,Canon EOS R6,INDEX,/รับซื้อกล้อง-ขอนแก่น/,/ยี่ห้อและรุ่นที่รับซื้อ/,ภาพรวมรุ่น/ซีรีส์ | รุ่นย่อยและสเปกที่มีผลต่อราคา | จุดตรวจเฉพาะรุ่น | ปัจจัยราคา | อุปกรณ์/ประกัน | FAQ เฉพาะรุ่น
model-canon-eos-r7,/รับซื้อ-canon-eos-r7-ขอนแก่น/,model,camera,Canon EOS R7,INDEX,/รับซื้อกล้อง-ขอนแก่น/,/ยี่ห้อและรุ่นที่รับซื้อ/,ภาพรวมรุ่น/ซีรีส์ | รุ่นย่อยและสเปกที่มีผลต่อราคา | จุดตรวจเฉพาะรุ่น | ปัจจัยราคา | อุปกรณ์/ประกัน | FAQ เฉพาะรุ่น
model-canon-eos-r10,/รับซื้อ-canon-eos-r10-ขอนแก่น/,model,camera,Canon EOS R10,INDEX,/รับซื้อกล้อง-ขอนแก่น/,/ยี่ห้อและรุ่นที่รับซื้อ/,ภาพรวมรุ่น/ซีรีส์ | รุ่นย่อยและสเปกที่มีผลต่อราคา | จุดตรวจเฉพาะรุ่น | ปัจจัยราคา | อุปกรณ์/ประกัน | FAQ เฉพาะรุ่น
model-fujifilm-x-t20,/รับซื้อ-fujifilm-x-t20-ขอนแก่น/,model,camera,Fujifilm X-T20,INDEX,/รับซื้อกล้อง-ขอนแก่น/,/ยี่ห้อและรุ่นที่รับซื้อ/,ภาพรวมรุ่น/ซีรีส์ | รุ่นย่อยและสเปกที่มีผลต่อราคา | จุดตรวจเฉพาะรุ่น | ปัจจัยราคา | อุปกรณ์/ประกัน | FAQ เฉพาะรุ่น
model-fujifilm-x-t30,/รับซื้อ-fujifilm-x-t30-ขอนแก่น/,model,camera,Fujifilm X-T30,INDEX,/รับซื้อกล้อง-ขอนแก่น/,/ยี่ห้อและรุ่นที่รับซื้อ/,ภาพรวมรุ่น/ซีรีส์ | รุ่นย่อยและสเปกที่มีผลต่อราคา | จุดตรวจเฉพาะรุ่น | ปัจจัยราคา | อุปกรณ์/ประกัน | FAQ เฉพาะรุ่น
model-fujifilm-x-t4,/รับซื้อ-fujifilm-x-t4-ขอนแก่น/,model,camera,Fujifilm X-T4,INDEX,/รับซื้อกล้อง-ขอนแก่น/,/ยี่ห้อและรุ่นที่รับซื้อ/,ภาพรวมรุ่น/ซีรีส์ | รุ่นย่อยและสเปกที่มีผลต่อราคา | จุดตรวจเฉพาะรุ่น | ปัจจัยราคา | อุปกรณ์/ประกัน | FAQ เฉพาะรุ่น
model-fujifilm-x-t5,/รับซื้อ-fujifilm-x-t5-ขอนแก่น/,model,camera,Fujifilm X-T5,INDEX,/รับซื้อกล้อง-ขอนแก่น/,/ยี่ห้อและรุ่นที่รับซื้อ/,ภาพรวมรุ่น/ซีรีส์ | รุ่นย่อยและสเปกที่มีผลต่อราคา | จุดตรวจเฉพาะรุ่น | ปัจจัยราคา | อุปกรณ์/ประกัน | FAQ เฉพาะรุ่น
model-fujifilm-x-s10,/รับซื้อ-fujifilm-x-s10-ขอนแก่น/,model,camera,Fujifilm X-S10,INDEX,/รับซื้อกล้อง-ขอนแก่น/,/ยี่ห้อและรุ่นที่รับซื้อ/,ภาพรวมรุ่น/ซีรีส์ | รุ่นย่อยและสเปกที่มีผลต่อราคา | จุดตรวจเฉพาะรุ่น | ปัจจัยราคา | อุปกรณ์/ประกัน | FAQ เฉพาะรุ่น
model-fujifilm-x-h1,/รับซื้อ-fujifilm-x-h1-ขอนแก่น/,model,camera,Fujifilm X-H1,INDEX,/รับซื้อกล้อง-ขอนแก่น/,/ยี่ห้อและรุ่นที่รับซื้อ/,ภาพรวมรุ่น/ซีรีส์ | รุ่นย่อยและสเปกที่มีผลต่อราคา | จุดตรวจเฉพาะรุ่น | ปัจจัยราคา | อุปกรณ์/ประกัน | FAQ เฉพาะรุ่น
model-olympus-em10-mark-iii,/รับซื้อ-olympus-em10-mark-iii-ขอนแก่น/,model,camera,Olympus OM-D E-M10 Mark III,INDEX,/รับซื้อกล้อง-ขอนแก่น/,/ยี่ห้อและรุ่นที่รับซื้อ/,ภาพรวมรุ่น/ซีรีส์ | รุ่นย่อยและสเปกที่มีผลต่อราคา | จุดตรวจเฉพาะรุ่น | ปัจจัยราคา | อุปกรณ์/ประกัน | FAQ เฉพาะรุ่น
model-olympus-em5-mark-iii,/รับซื้อ-olympus-em5-mark-iii-ขอนแก่น/,model,camera,Olympus OM-D E-M5 Mark III,INDEX,/รับซื้อกล้อง-ขอนแก่น/,/ยี่ห้อและรุ่นที่รับซื้อ/,ภาพรวมรุ่น/ซีรีส์ | รุ่นย่อยและสเปกที่มีผลต่อราคา | จุดตรวจเฉพาะรุ่น | ปัจจัยราคา | อุปกรณ์/ประกัน | FAQ เฉพาะรุ่น
model-panasonic-g85,/รับซื้อ-panasonic-g85-ขอนแก่น/,model,camera,Panasonic Lumix G85,INDEX,/รับซื้อกล้อง-ขอนแก่น/,/ยี่ห้อและรุ่นที่รับซื้อ/,ภาพรวมรุ่น/ซีรีส์ | รุ่นย่อยและสเปกที่มีผลต่อราคา | จุดตรวจเฉพาะรุ่น | ปัจจัยราคา | อุปกรณ์/ประกัน | FAQ เฉพาะรุ่น
model-panasonic-gh5,/รับซื้อ-panasonic-gh5-ขอนแก่น/,model,camera,Panasonic Lumix GH5,INDEX,/รับซื้อกล้อง-ขอนแก่น/,/ยี่ห้อและรุ่นที่รับซื้อ/,ภาพรวมรุ่น/ซีรีส์ | รุ่นย่อยและสเปกที่มีผลต่อราคา | จุดตรวจเฉพาะรุ่น | ปัจจัยราคา | อุปกรณ์/ประกัน | FAQ เฉพาะรุ่น
model-nikon-z5,/รับซื้อ-nikon-z5-ขอนแก่น/,model,camera,Nikon Z5,INDEX,/รับซื้อกล้อง-ขอนแก่น/,/ยี่ห้อและรุ่นที่รับซื้อ/,ภาพรวมรุ่น/ซีรีส์ | รุ่นย่อยและสเปกที่มีผลต่อราคา | จุดตรวจเฉพาะรุ่น | ปัจจัยราคา | อุปกรณ์/ประกัน | FAQ เฉพาะรุ่น
model-playstation-5,/รับซื้อ-playstation-5-ขอนแก่น/,model,console,PlayStation 5,INDEX,/รับซื้อเครื่องเกม-ขอนแก่น/,/ยี่ห้อและรุ่นที่รับซื้อ/,ภาพรวมรุ่น/ซีรีส์ | รุ่นย่อยและสเปกที่มีผลต่อราคา | จุดตรวจเฉพาะรุ่น | ปัจจัยราคา | อุปกรณ์/ประกัน | FAQ เฉพาะรุ่น
model-playstation-5-slim,/รับซื้อ-playstation-5-slim-ขอนแก่น/,model,console,PlayStation 5 Slim,INDEX,/รับซื้อเครื่องเกม-ขอนแก่น/,/ยี่ห้อและรุ่นที่รับซื้อ/,ภาพรวมรุ่น/ซีรีส์ | รุ่นย่อยและสเปกที่มีผลต่อราคา | จุดตรวจเฉพาะรุ่น | ปัจจัยราคา | อุปกรณ์/ประกัน | FAQ เฉพาะรุ่น
model-playstation-4-pro,/รับซื้อ-playstation-4-pro-ขอนแก่น/,model,console,PlayStation 4 Pro,INDEX,/รับซื้อเครื่องเกม-ขอนแก่น/,/ยี่ห้อและรุ่นที่รับซื้อ/,ภาพรวมรุ่น/ซีรีส์ | รุ่นย่อยและสเปกที่มีผลต่อราคา | จุดตรวจเฉพาะรุ่น | ปัจจัยราคา | อุปกรณ์/ประกัน | FAQ เฉพาะรุ่น
model-nintendo-switch,/รับซื้อ-nintendo-switch-ขอนแก่น/,model,console,Nintendo Switch,INDEX,/รับซื้อเครื่องเกม-ขอนแก่น/,/ยี่ห้อและรุ่นที่รับซื้อ/,ภาพรวมรุ่น/ซีรีส์ | รุ่นย่อยและสเปกที่มีผลต่อราคา | จุดตรวจเฉพาะรุ่น | ปัจจัยราคา | อุปกรณ์/ประกัน | FAQ เฉพาะรุ่น
model-nintendo-switch-oled,/รับซื้อ-nintendo-switch-oled-ขอนแก่น/,model,console,Nintendo Switch OLED,INDEX,/รับซื้อเครื่องเกม-ขอนแก่น/,/ยี่ห้อและรุ่นที่รับซื้อ/,ภาพรวมรุ่น/ซีรีส์ | รุ่นย่อยและสเปกที่มีผลต่อราคา | จุดตรวจเฉพาะรุ่น | ปัจจัยราคา | อุปกรณ์/ประกัน | FAQ เฉพาะรุ่น
model-nintendo-switch-lite,/รับซื้อ-nintendo-switch-lite-ขอนแก่น/,model,console,Nintendo Switch Lite,INDEX,/รับซื้อเครื่องเกม-ขอนแก่น/,/ยี่ห้อและรุ่นที่รับซื้อ/,ภาพรวมรุ่น/ซีรีส์ | รุ่นย่อยและสเปกที่มีผลต่อราคา | จุดตรวจเฉพาะรุ่น | ปัจจัยราคา | อุปกรณ์/ประกัน | FAQ เฉพาะรุ่น
model-xbox-series-x,/รับซื้อ-xbox-series-x-ขอนแก่น/,model,console,Xbox Series X,INDEX,/รับซื้อเครื่องเกม-ขอนแก่น/,/ยี่ห้อและรุ่นที่รับซื้อ/,ภาพรวมรุ่น/ซีรีส์ | รุ่นย่อยและสเปกที่มีผลต่อราคา | จุดตรวจเฉพาะรุ่น | ปัจจัยราคา | อุปกรณ์/ประกัน | FAQ เฉพาะรุ่น
model-xbox-series-s,/รับซื้อ-xbox-series-s-ขอนแก่น/,model,console,Xbox Series S,INDEX,/รับซื้อเครื่องเกม-ขอนแก่น/,/ยี่ห้อและรุ่นที่รับซื้อ/,ภาพรวมรุ่น/ซีรีส์ | รุ่นย่อยและสเปกที่มีผลต่อราคา | จุดตรวจเฉพาะรุ่น | ปัจจัยราคา | อุปกรณ์/ประกัน | FAQ เฉพาะรุ่น
model-steam-deck,/รับซื้อ-steam-deck-ขอนแก่น/,model,console,Steam Deck,INDEX,/รับซื้อเครื่องเกม-ขอนแก่น/,/ยี่ห้อและรุ่นที่รับซื้อ/,ภาพรวมรุ่น/ซีรีส์ | รุ่นย่อยและสเปกที่มีผลต่อราคา | จุดตรวจเฉพาะรุ่น | ปัจจัยราคา | อุปกรณ์/ประกัน | FAQ เฉพาะรุ่น
model-rog-ally,/รับซื้อ-rog-ally-ขอนแก่น/,model,console,ASUS ROG Ally,INDEX,/รับซื้อเครื่องเกม-ขอนแก่น/,/ยี่ห้อและรุ่นที่รับซื้อ/,ภาพรวมรุ่น/ซีรีส์ | รุ่นย่อยและสเปกที่มีผลต่อราคา | จุดตรวจเฉพาะรุ่น | ปัจจัยราคา | อุปกรณ์/ประกัน | FAQ เฉพาะรุ่น
model-monitor-24-ips,/รับซื้อ-monitor-24-ips-ขอนแก่น/,model,monitor,จอคอม 24 นิ้ว IPS,INDEX,/รับซื้อจอคอม-ขอนแก่น/,/ยี่ห้อและรุ่นที่รับซื้อ/,ภาพรวมรุ่น/ซีรีส์ | รุ่นย่อยและสเปกที่มีผลต่อราคา | จุดตรวจเฉพาะรุ่น | ปัจจัยราคา | อุปกรณ์/ประกัน | FAQ เฉพาะรุ่น
model-monitor-27-ips,/รับซื้อ-monitor-27-ips-ขอนแก่น/,model,monitor,จอคอม 27 นิ้ว IPS,INDEX,/รับซื้อจอคอม-ขอนแก่น/,/ยี่ห้อและรุ่นที่รับซื้อ/,ภาพรวมรุ่น/ซีรีส์ | รุ่นย่อยและสเปกที่มีผลต่อราคา | จุดตรวจเฉพาะรุ่น | ปัจจัยราคา | อุปกรณ์/ประกัน | FAQ เฉพาะรุ่น
model-monitor-27-144hz,/รับซื้อ-monitor-27-144hz-ขอนแก่น/,model,monitor,จอเกมมิ่ง 27 นิ้ว 144Hz,INDEX,/รับซื้อจอคอม-ขอนแก่น/,/ยี่ห้อและรุ่นที่รับซื้อ/,ภาพรวมรุ่น/ซีรีส์ | รุ่นย่อยและสเปกที่มีผลต่อราคา | จุดตรวจเฉพาะรุ่น | ปัจจัยราคา | อุปกรณ์/ประกัน | FAQ เฉพาะรุ่น
model-monitor-27-165hz,/รับซื้อ-monitor-27-165hz-ขอนแก่น/,model,monitor,จอเกมมิ่ง 27 นิ้ว 165Hz,INDEX,/รับซื้อจอคอม-ขอนแก่น/,/ยี่ห้อและรุ่นที่รับซื้อ/,ภาพรวมรุ่น/ซีรีส์ | รุ่นย่อยและสเปกที่มีผลต่อราคา | จุดตรวจเฉพาะรุ่น | ปัจจัยราคา | อุปกรณ์/ประกัน | FAQ เฉพาะรุ่น
model-monitor-32-144hz,/รับซื้อ-monitor-32-144hz-ขอนแก่น/,model,monitor,จอเกมมิ่ง 32 นิ้ว 144Hz,INDEX,/รับซื้อจอคอม-ขอนแก่น/,/ยี่ห้อและรุ่นที่รับซื้อ/,ภาพรวมรุ่น/ซีรีส์ | รุ่นย่อยและสเปกที่มีผลต่อราคา | จุดตรวจเฉพาะรุ่น | ปัจจัยราคา | อุปกรณ์/ประกัน | FAQ เฉพาะรุ่น
model-monitor-2k,/รับซื้อ-monitor-2k-ขอนแก่น/,model,monitor,จอคอม 2K QHD,INDEX,/รับซื้อจอคอม-ขอนแก่น/,/ยี่ห้อและรุ่นที่รับซื้อ/,ภาพรวมรุ่น/ซีรีส์ | รุ่นย่อยและสเปกที่มีผลต่อราคา | จุดตรวจเฉพาะรุ่น | ปัจจัยราคา | อุปกรณ์/ประกัน | FAQ เฉพาะรุ่น
model-monitor-4k,/รับซื้อ-monitor-4k-ขอนแก่น/,model,monitor,จอคอม 4K,INDEX,/รับซื้อจอคอม-ขอนแก่น/,/ยี่ห้อและรุ่นที่รับซื้อ/,ภาพรวมรุ่น/ซีรีส์ | รุ่นย่อยและสเปกที่มีผลต่อราคา | จุดตรวจเฉพาะรุ่น | ปัจจัยราคา | อุปกรณ์/ประกัน | FAQ เฉพาะรุ่น
model-monitor-ultrawide,/รับซื้อ-monitor-ultrawide-ขอนแก่น/,model,monitor,จอ Ultrawide,INDEX,/รับซื้อจอคอม-ขอนแก่น/,/ยี่ห้อและรุ่นที่รับซื้อ/,ภาพรวมรุ่น/ซีรีส์ | รุ่นย่อยและสเปกที่มีผลต่อราคา | จุดตรวจเฉพาะรุ่น | ปัจจัยราคา | อุปกรณ์/ประกัน | FAQ เฉพาะรุ่น
model-monitor-oled,/รับซื้อ-monitor-oled-ขอนแก่น/,model,monitor,จอ OLED Gaming,INDEX,/รับซื้อจอคอม-ขอนแก่น/,/ยี่ห้อและรุ่นที่รับซื้อ/,ภาพรวมรุ่น/ซีรีส์ | รุ่นย่อยและสเปกที่มีผลต่อราคา | จุดตรวจเฉพาะรุ่น | ปัจจัยราคา | อุปกรณ์/ประกัน | FAQ เฉพาะรุ่น
model-portable-monitor,/รับซื้อ-portable-monitor-ขอนแก่น/,model,monitor,จอ Portable Monitor,INDEX,/รับซื้อจอคอม-ขอนแก่น/,/ยี่ห้อและรุ่นที่รับซื้อ/,ภาพรวมรุ่น/ซีรีส์ | รุ่นย่อยและสเปกที่มีผลต่อราคา | จุดตรวจเฉพาะรุ่น | ปัจจัยราคา | อุปกรณ์/ประกัน | FAQ เฉพาะรุ่น
model-dji-mini-2,/รับซื้อ-dji-mini-2-ขอนแก่น/,model,drone-action,DJI Mini 2,INDEX,/รับซื้อโดรน-gopro-ขอนแก่น/,/ยี่ห้อและรุ่นที่รับซื้อ/,ภาพรวมรุ่น/ซีรีส์ | รุ่นย่อยและสเปกที่มีผลต่อราคา | จุดตรวจเฉพาะรุ่น | ปัจจัยราคา | อุปกรณ์/ประกัน | FAQ เฉพาะรุ่น
model-dji-mini-3-pro,/รับซื้อ-dji-mini-3-pro-ขอนแก่น/,model,drone-action,DJI Mini 3 Pro,INDEX,/รับซื้อโดรน-gopro-ขอนแก่น/,/ยี่ห้อและรุ่นที่รับซื้อ/,ภาพรวมรุ่น/ซีรีส์ | รุ่นย่อยและสเปกที่มีผลต่อราคา | จุดตรวจเฉพาะรุ่น | ปัจจัยราคา | อุปกรณ์/ประกัน | FAQ เฉพาะรุ่น
model-dji-mini-4-pro,/รับซื้อ-dji-mini-4-pro-ขอนแก่น/,model,drone-action,DJI Mini 4 Pro,INDEX,/รับซื้อโดรน-gopro-ขอนแก่น/,/ยี่ห้อและรุ่นที่รับซื้อ/,ภาพรวมรุ่น/ซีรีส์ | รุ่นย่อยและสเปกที่มีผลต่อราคา | จุดตรวจเฉพาะรุ่น | ปัจจัยราคา | อุปกรณ์/ประกัน | FAQ เฉพาะรุ่น
model-dji-air-2s,/รับซื้อ-dji-air-2s-ขอนแก่น/,model,drone-action,DJI Air 2S,INDEX,/รับซื้อโดรน-gopro-ขอนแก่น/,/ยี่ห้อและรุ่นที่รับซื้อ/,ภาพรวมรุ่น/ซีรีส์ | รุ่นย่อยและสเปกที่มีผลต่อราคา | จุดตรวจเฉพาะรุ่น | ปัจจัยราคา | อุปกรณ์/ประกัน | FAQ เฉพาะรุ่น
model-dji-air-3,/รับซื้อ-dji-air-3-ขอนแก่น/,model,drone-action,DJI Air 3,INDEX,/รับซื้อโดรน-gopro-ขอนแก่น/,/ยี่ห้อและรุ่นที่รับซื้อ/,ภาพรวมรุ่น/ซีรีส์ | รุ่นย่อยและสเปกที่มีผลต่อราคา | จุดตรวจเฉพาะรุ่น | ปัจจัยราคา | อุปกรณ์/ประกัน | FAQ เฉพาะรุ่น
model-dji-mavic-air,/รับซื้อ-dji-mavic-air-ขอนแก่น/,model,drone-action,DJI Mavic Air,INDEX,/รับซื้อโดรน-gopro-ขอนแก่น/,/ยี่ห้อและรุ่นที่รับซื้อ/,ภาพรวมรุ่น/ซีรีส์ | รุ่นย่อยและสเปกที่มีผลต่อราคา | จุดตรวจเฉพาะรุ่น | ปัจจัยราคา | อุปกรณ์/ประกัน | FAQ เฉพาะรุ่น
model-gopro-hero-10,/รับซื้อ-gopro-hero-10-ขอนแก่น/,model,drone-action,GoPro HERO10,INDEX,/รับซื้อโดรน-gopro-ขอนแก่น/,/ยี่ห้อและรุ่นที่รับซื้อ/,ภาพรวมรุ่น/ซีรีส์ | รุ่นย่อยและสเปกที่มีผลต่อราคา | จุดตรวจเฉพาะรุ่น | ปัจจัยราคา | อุปกรณ์/ประกัน | FAQ เฉพาะรุ่น
model-gopro-hero-11,/รับซื้อ-gopro-hero-11-ขอนแก่น/,model,drone-action,GoPro HERO11,INDEX,/รับซื้อโดรน-gopro-ขอนแก่น/,/ยี่ห้อและรุ่นที่รับซื้อ/,ภาพรวมรุ่น/ซีรีส์ | รุ่นย่อยและสเปกที่มีผลต่อราคา | จุดตรวจเฉพาะรุ่น | ปัจจัยราคา | อุปกรณ์/ประกัน | FAQ เฉพาะรุ่น
model-gopro-hero-12,/รับซื้อ-gopro-hero-12-ขอนแก่น/,model,drone-action,GoPro HERO12,INDEX,/รับซื้อโดรน-gopro-ขอนแก่น/,/ยี่ห้อและรุ่นที่รับซื้อ/,ภาพรวมรุ่น/ซีรีส์ | รุ่นย่อยและสเปกที่มีผลต่อราคา | จุดตรวจเฉพาะรุ่น | ปัจจัยราคา | อุปกรณ์/ประกัน | FAQ เฉพาะรุ่น
model-dji-osmo-action-4,/รับซื้อ-dji-osmo-action-4-ขอนแก่น/,model,drone-action,DJI Osmo Action 4,INDEX,/รับซื้อโดรน-gopro-ขอนแก่น/,/ยี่ห้อและรุ่นที่รับซื้อ/,ภาพรวมรุ่น/ซีรีส์ | รุ่นย่อยและสเปกที่มีผลต่อราคา | จุดตรวจเฉพาะรุ่น | ปัจจัยราคา | อุปกรณ์/ประกัน | FAQ เฉพาะรุ่น
model-apple-watch-series-7,/รับซื้อ-apple-watch-series-7-ขอนแก่น/,model,smartwatch,Apple Watch Series 7,INDEX,/รับซื้อสมาร์ทวอทช์-ขอนแก่น/,/ยี่ห้อและรุ่นที่รับซื้อ/,ภาพรวมรุ่น/ซีรีส์ | รุ่นย่อยและสเปกที่มีผลต่อราคา | จุดตรวจเฉพาะรุ่น | ปัจจัยราคา | อุปกรณ์/ประกัน | FAQ เฉพาะรุ่น
model-apple-watch-series-8,/รับซื้อ-apple-watch-series-8-ขอนแก่น/,model,smartwatch,Apple Watch Series 8,INDEX,/รับซื้อสมาร์ทวอทช์-ขอนแก่น/,/ยี่ห้อและรุ่นที่รับซื้อ/,ภาพรวมรุ่น/ซีรีส์ | รุ่นย่อยและสเปกที่มีผลต่อราคา | จุดตรวจเฉพาะรุ่น | ปัจจัยราคา | อุปกรณ์/ประกัน | FAQ เฉพาะรุ่น
model-apple-watch-series-9,/รับซื้อ-apple-watch-series-9-ขอนแก่น/,model,smartwatch,Apple Watch Series 9,INDEX,/รับซื้อสมาร์ทวอทช์-ขอนแก่น/,/ยี่ห้อและรุ่นที่รับซื้อ/,ภาพรวมรุ่น/ซีรีส์ | รุ่นย่อยและสเปกที่มีผลต่อราคา | จุดตรวจเฉพาะรุ่น | ปัจจัยราคา | อุปกรณ์/ประกัน | FAQ เฉพาะรุ่น
model-apple-watch-ultra,/รับซื้อ-apple-watch-ultra-ขอนแก่น/,model,smartwatch,Apple Watch Ultra,INDEX,/รับซื้อสมาร์ทวอทช์-ขอนแก่น/,/ยี่ห้อและรุ่นที่รับซื้อ/,ภาพรวมรุ่น/ซีรีส์ | รุ่นย่อยและสเปกที่มีผลต่อราคา | จุดตรวจเฉพาะรุ่น | ปัจจัยราคา | อุปกรณ์/ประกัน | FAQ เฉพาะรุ่น
model-apple-watch-ultra-2,/รับซื้อ-apple-watch-ultra-2-ขอนแก่น/,model,smartwatch,Apple Watch Ultra 2,INDEX,/รับซื้อสมาร์ทวอทช์-ขอนแก่น/,/ยี่ห้อและรุ่นที่รับซื้อ/,ภาพรวมรุ่น/ซีรีส์ | รุ่นย่อยและสเปกที่มีผลต่อราคา | จุดตรวจเฉพาะรุ่น | ปัจจัยราคา | อุปกรณ์/ประกัน | FAQ เฉพาะรุ่น
condition-notebook-hinge-broken,/รับซื้อโน้ตบุ๊กบานพับแตก-ขอนแก่น/,condition,notebook-condition,โน้ตบุ๊กบานพับแตก,INDEX,/รับซื้อโน้ตบุ๊ก-ขอนแก่น/,/สภาพสินค้าที่ขายได้/,อาการและระดับความเสียหาย | ผลต่อมูลค่า | ข้อมูล/รูปที่ต้องส่ง | สิ่งที่ควรหลีกเลี่ยงก่อนตรวจ | FAQ
condition-notebook-keyboard-broken,/รับซื้อโน้ตบุ๊กคีย์บอร์ดเสีย-ขอนแก่น/,condition,notebook-condition,โน้ตบุ๊กคีย์บอร์ดเสีย,INDEX,/รับซื้อโน้ตบุ๊ก-ขอนแก่น/,/สภาพสินค้าที่ขายได้/,อาการและระดับความเสียหาย | ผลต่อมูลค่า | ข้อมูล/รูปที่ต้องส่ง | สิ่งที่ควรหลีกเลี่ยงก่อนตรวจ | FAQ
condition-notebook-battery-degraded,/รับซื้อโน้ตบุ๊กแบตเสื่อม-ขอนแก่น/,condition,notebook-condition,โน้ตบุ๊กแบตเสื่อม,INDEX,/รับซื้อโน้ตบุ๊ก-ขอนแก่น/,/สภาพสินค้าที่ขายได้/,อาการและระดับความเสียหาย | ผลต่อมูลค่า | ข้อมูล/รูปที่ต้องส่ง | สิ่งที่ควรหลีกเลี่ยงก่อนตรวจ | FAQ
condition-notebook-water-damage,/รับซื้อโน้ตบุ๊กโดนน้ำ-ขอนแก่น/,condition,notebook-condition,โน้ตบุ๊กโดนน้ำ,INDEX,/รับซื้อโน้ตบุ๊ก-ขอนแก่น/,/สภาพสินค้าที่ขายได้/,อาการและระดับความเสียหาย | ผลต่อมูลค่า | ข้อมูล/รูปที่ต้องส่ง | สิ่งที่ควรหลีกเลี่ยงก่อนตรวจ | FAQ
condition-notebook-gpu-fault,/รับซื้อโน้ตบุ๊กการ์ดจอเสีย-ขอนแก่น/,condition,notebook-condition,โน้ตบุ๊กการ์ดจอเสีย,INDEX,/รับซื้อโน้ตบุ๊ก-ขอนแก่น/,/สภาพสินค้าที่ขายได้/,อาการและระดับความเสียหาย | ผลต่อมูลค่า | ข้อมูล/รูปที่ต้องส่ง | สิ่งที่ควรหลีกเลี่ยงก่อนตรวจ | FAQ
condition-macbook-screen-lines,/รับซื้อmacbook-จอเป็นเส้น-ขอนแก่น/,condition,macbook-condition,MacBook จอเป็นเส้น,INDEX,/รับซื้อ-macbook-ขอนแก่น/,/สภาพสินค้าที่ขายได้/,อาการและระดับความเสียหาย | ผลต่อมูลค่า | ข้อมูล/รูปที่ต้องส่ง | สิ่งที่ควรหลีกเลี่ยงก่อนตรวจ | FAQ
condition-macbook-keyboard-fault,/รับซื้อmacbook-คีย์บอร์ดเสีย-ขอนแก่น/,condition,macbook-condition,MacBook คีย์บอร์ดเสีย,INDEX,/รับซื้อ-macbook-ขอนแก่น/,/สภาพสินค้าที่ขายได้/,อาการและระดับความเสียหาย | ผลต่อมูลค่า | ข้อมูล/รูปที่ต้องส่ง | สิ่งที่ควรหลีกเลี่ยงก่อนตรวจ | FAQ
condition-macbook-battery-service,/รับซื้อmacbook-แบตเสื่อม-ขอนแก่น/,condition,macbook-condition,MacBook แบตเสื่อม,INDEX,/รับซื้อ-macbook-ขอนแก่น/,/สภาพสินค้าที่ขายได้/,อาการและระดับความเสียหาย | ผลต่อมูลค่า | ข้อมูล/รูปที่ต้องส่ง | สิ่งที่ควรหลีกเลี่ยงก่อนตรวจ | FAQ
condition-macbook-dented,/รับซื้อmacbook-มีรอยบุบ-ขอนแก่น/,condition,macbook-condition,MacBook มีรอยบุบ,INDEX,/รับซื้อ-macbook-ขอนแก่น/,/สภาพสินค้าที่ขายได้/,อาการและระดับความเสียหาย | ผลต่อมูลค่า | ข้อมูล/รูปที่ต้องส่ง | สิ่งที่ควรหลีกเลี่ยงก่อนตรวจ | FAQ
condition-iphone-screen-cracked,/รับซื้อiphone-จอแตก-ขอนแก่น/,condition,iphone-condition,iPhone จอแตก,INDEX,/รับซื้อ-iphone-ขอนแก่น/,/สภาพสินค้าที่ขายได้/,อาการและระดับความเสียหาย | ผลต่อมูลค่า | ข้อมูล/รูปที่ต้องส่ง | สิ่งที่ควรหลีกเลี่ยงก่อนตรวจ | FAQ
condition-iphone-back-glass-cracked,/รับซื้อiphone-ฝาหลังแตก-ขอนแก่น/,condition,iphone-condition,iPhone ฝาหลังแตก,INDEX,/รับซื้อ-iphone-ขอนแก่น/,/สภาพสินค้าที่ขายได้/,อาการและระดับความเสียหาย | ผลต่อมูลค่า | ข้อมูล/รูปที่ต้องส่ง | สิ่งที่ควรหลีกเลี่ยงก่อนตรวจ | FAQ
condition-iphone-battery-low,/รับซื้อiphone-แบตต่ำ-ขอนแก่น/,condition,iphone-condition,iPhone แบตต่ำ,INDEX,/รับซื้อ-iphone-ขอนแก่น/,/สภาพสินค้าที่ขายได้/,อาการและระดับความเสียหาย | ผลต่อมูลค่า | ข้อมูล/รูปที่ต้องส่ง | สิ่งที่ควรหลีกเลี่ยงก่อนตรวจ | FAQ
condition-iphone-camera-fault,/รับซื้อiphone-กล้องเสีย-ขอนแก่น/,condition,iphone-condition,iPhone กล้องเสีย,INDEX,/รับซื้อ-iphone-ขอนแก่น/,/สภาพสินค้าที่ขายได้/,อาการและระดับความเสียหาย | ผลต่อมูลค่า | ข้อมูล/รูปที่ต้องส่ง | สิ่งที่ควรหลีกเลี่ยงก่อนตรวจ | FAQ
condition-ipad-bent,/รับซื้อipad-เครื่องงอ-ขอนแก่น/,condition,ipad-condition,iPad เครื่องงอ,INDEX,/รับซื้อ-ipad-แท็บเล็ต-ขอนแก่น/,/สภาพสินค้าที่ขายได้/,อาการและระดับความเสียหาย | ผลต่อมูลค่า | ข้อมูล/รูปที่ต้องส่ง | สิ่งที่ควรหลีกเลี่ยงก่อนตรวจ | FAQ
condition-ipad-screen-cracked,/รับซื้อipad-จอแตก-ขอนแก่น/,condition,ipad-condition,iPad จอแตก,INDEX,/รับซื้อ-ipad-แท็บเล็ต-ขอนแก่น/,/สภาพสินค้าที่ขายได้/,อาการและระดับความเสียหาย | ผลต่อมูลค่า | ข้อมูล/รูปที่ต้องส่ง | สิ่งที่ควรหลีกเลี่ยงก่อนตรวจ | FAQ
condition-ipad-battery-degraded,/รับซื้อipad-แบตเสื่อม-ขอนแก่น/,condition,ipad-condition,iPad แบตเสื่อม,INDEX,/รับซื้อ-ipad-แท็บเล็ต-ขอนแก่น/,/สภาพสินค้าที่ขายได้/,อาการและระดับความเสียหาย | ผลต่อมูลค่า | ข้อมูล/รูปที่ต้องส่ง | สิ่งที่ควรหลีกเลี่ยงก่อนตรวจ | FAQ
condition-gpu-no-display,/รับซื้อการ์ดจอไม่แสดงภาพ-ขอนแก่น/,condition,gpu-condition,การ์ดจอไม่แสดงภาพ,INDEX,/รับซื้อการ์ดจอ-ขอนแก่น/,/สภาพสินค้าที่ขายได้/,อาการและระดับความเสียหาย | ผลต่อมูลค่า | ข้อมูล/รูปที่ต้องส่ง | สิ่งที่ควรหลีกเลี่ยงก่อนตรวจ | FAQ
condition-gpu-artifact,/รับซื้อการ์ดจอภาพแตก-artifact-ขอนแก่น/,condition,gpu-condition,การ์ดจอภาพแตก Artifact,INDEX,/รับซื้อการ์ดจอ-ขอนแก่น/,/สภาพสินค้าที่ขายได้/,อาการและระดับความเสียหาย | ผลต่อมูลค่า | ข้อมูล/รูปที่ต้องส่ง | สิ่งที่ควรหลีกเลี่ยงก่อนตรวจ | FAQ
condition-gpu-fan-noisy,/รับซื้อการ์ดจอพัดลมดัง-ขอนแก่น/,condition,gpu-condition,การ์ดจอพัดลมดัง,INDEX,/รับซื้อการ์ดจอ-ขอนแก่น/,/สภาพสินค้าที่ขายได้/,อาการและระดับความเสียหาย | ผลต่อมูลค่า | ข้อมูล/รูปที่ต้องส่ง | สิ่งที่ควรหลีกเลี่ยงก่อนตรวจ | FAQ
condition-camera-fungus,/รับซื้อกล้องหรือเลนส์มีรา-ขอนแก่น/,condition,camera-condition,กล้องหรือเลนส์มีรา,INDEX,/รับซื้อกล้อง-ขอนแก่น/,/สภาพสินค้าที่ขายได้/,อาการและระดับความเสียหาย | ผลต่อมูลค่า | ข้อมูล/รูปที่ต้องส่ง | สิ่งที่ควรหลีกเลี่ยงก่อนตรวจ | FAQ
condition-camera-shutter-high,/รับซื้อกล้องชัตเตอร์สูง-ขอนแก่น/,condition,camera-condition,กล้องชัตเตอร์สูง,INDEX,/รับซื้อกล้อง-ขอนแก่น/,/สภาพสินค้าที่ขายได้/,อาการและระดับความเสียหาย | ผลต่อมูลค่า | ข้อมูล/รูปที่ต้องส่ง | สิ่งที่ควรหลีกเลี่ยงก่อนตรวจ | FAQ
condition-monitor-dead-pixel,/รับซื้อจอคอมมี-dead-pixel-ขอนแก่น/,condition,monitor-condition,จอคอมมี Dead Pixel,INDEX,/รับซื้อจอคอม-ขอนแก่น/,/สภาพสินค้าที่ขายได้/,อาการและระดับความเสียหาย | ผลต่อมูลค่า | ข้อมูล/รูปที่ต้องส่ง | สิ่งที่ควรหลีกเลี่ยงก่อนตรวจ | FAQ
condition-monitor-lines,/รับซื้อจอคอมมีเส้น-ขอนแก่น/,condition,monitor-condition,จอคอมมีเส้น,INDEX,/รับซื้อจอคอม-ขอนแก่น/,/สภาพสินค้าที่ขายได้/,อาการและระดับความเสียหาย | ผลต่อมูลค่า | ข้อมูล/รูปที่ต้องส่ง | สิ่งที่ควรหลีกเลี่ยงก่อนตรวจ | FAQ
condition-console-no-power,/รับซื้อเครื่องเกมเปิดไม่ติด-ขอนแก่น/,condition,console-condition,เครื่องเกมเปิดไม่ติด,INDEX,/รับซื้อเครื่องเกม-ขอนแก่น/,/สภาพสินค้าที่ขายได้/,อาการและระดับความเสียหาย | ผลต่อมูลค่า | ข้อมูล/รูปที่ต้องส่ง | สิ่งที่ควรหลีกเลี่ยงก่อนตรวจ | FAQ
b2b-company-laptop-lot,/รับซื้อโน้ตบุ๊กบริษัท-ขอนแก่น/,b2b,b2b,รับซื้อโน้ตบุ๊กบริษัทเป็นล็อต,INDEX,/รับซื้อยกล็อต-บริษัท/,/รับซื้อยกล็อต-บริษัท/,กลุ่มงานที่เหมาะ | ข้อมูล Asset List | ขั้นตอนประเมินล็อต | เอกสารธุรกิจ | ข้อมูล/MDM และการส่งมอบ | FAQ องค์กร
b2b-company-desktop-lot,/รับซื้อคอมบริษัท-ขอนแก่น/,b2b,b2b,รับซื้อคอมบริษัทเป็นล็อต,INDEX,/รับซื้อยกล็อต-บริษัท/,/รับซื้อยกล็อต-บริษัท/,กลุ่มงานที่เหมาะ | ข้อมูล Asset List | ขั้นตอนประเมินล็อต | เอกสารธุรกิจ | ข้อมูล/MDM และการส่งมอบ | FAQ องค์กร
b2b-company-monitor-lot,/รับซื้อจอคอมบริษัท-ขอนแก่น/,b2b,b2b,รับซื้อจอคอมบริษัทเป็นล็อต,INDEX,/รับซื้อยกล็อต-บริษัท/,/รับซื้อยกล็อต-บริษัท/,กลุ่มงานที่เหมาะ | ข้อมูล Asset List | ขั้นตอนประเมินล็อต | เอกสารธุรกิจ | ข้อมูล/MDM และการส่งมอบ | FAQ องค์กร
b2b-office-it-clearance,/เคลียร์อุปกรณ์ไอทีสำนักงาน-ขอนแก่น/,b2b,b2b,เคลียร์อุปกรณ์ไอทีสำนักงาน,INDEX,/รับซื้อยกล็อต-บริษัท/,/รับซื้อยกล็อต-บริษัท/,กลุ่มงานที่เหมาะ | ข้อมูล Asset List | ขั้นตอนประเมินล็อต | เอกสารธุรกิจ | ข้อมูล/MDM และการส่งมอบ | FAQ องค์กร
b2b-office-relocation-it,/รับซื้ออุปกรณ์ไอทีก่อนย้ายออฟฟิศ-ขอนแก่น/,b2b,b2b,รับซื้ออุปกรณ์ไอทีก่อนย้ายออฟฟิศ,INDEX,/รับซื้อยกล็อต-บริษัท/,/รับซื้อยกล็อต-บริษัท/,กลุ่มงานที่เหมาะ | ข้อมูล Asset List | ขั้นตอนประเมินล็อต | เอกสารธุรกิจ | ข้อมูล/MDM และการส่งมอบ | FAQ องค์กร
b2b-business-closure-it,/รับซื้อทรัพย์สินไอทีปิดกิจการ-ขอนแก่น/,b2b,b2b,รับซื้อทรัพย์สินไอทีกรณีปิดกิจการ,INDEX,/รับซื้อยกล็อต-บริษัท/,/รับซื้อยกล็อต-บริษัท/,กลุ่มงานที่เหมาะ | ข้อมูล Asset List | ขั้นตอนประเมินล็อต | เอกสารธุรกิจ | ข้อมูล/MDM และการส่งมอบ | FAQ องค์กร
b2b-school-computer-lot,/รับซื้อคอมโรงเรียนยกล็อต-ขอนแก่น/,b2b,b2b,รับซื้อคอมโรงเรียนเป็นล็อต,INDEX,/รับซื้อยกล็อต-บริษัท/,/รับซื้อยกล็อต-บริษัท/,กลุ่มงานที่เหมาะ | ข้อมูล Asset List | ขั้นตอนประเมินล็อต | เอกสารธุรกิจ | ข้อมูล/MDM และการส่งมอบ | FAQ องค์กร
b2b-university-device-lot,/รับซื้ออุปกรณ์ไอทีมหาวิทยาลัย-ขอนแก่น/,b2b,b2b,รับซื้ออุปกรณ์ไอทีมหาวิทยาลัย,INDEX,/รับซื้อยกล็อต-บริษัท/,/รับซื้อยกล็อต-บริษัท/,กลุ่มงานที่เหมาะ | ข้อมูล Asset List | ขั้นตอนประเมินล็อต | เอกสารธุรกิจ | ข้อมูล/MDM และการส่งมอบ | FAQ องค์กร
b2b-gaming-cafe-pc-lot,/รับซื้อคอมร้านเกมยกล็อต-ขอนแก่น/,b2b,b2b,รับซื้อคอมร้านเกมยกล็อต,INDEX,/รับซื้อยกล็อต-บริษัท/,/รับซื้อยกล็อต-บริษัท/,กลุ่มงานที่เหมาะ | ข้อมูล Asset List | ขั้นตอนประเมินล็อต | เอกสารธุรกิจ | ข้อมูล/MDM และการส่งมอบ | FAQ องค์กร
b2b-internet-cafe-equipment,/รับซื้ออุปกรณ์ร้านอินเทอร์เน็ต-ขอนแก่น/,b2b,b2b,รับซื้ออุปกรณ์ร้านอินเทอร์เน็ต,INDEX,/รับซื้อยกล็อต-บริษัท/,/รับซื้อยกล็อต-บริษัท/,กลุ่มงานที่เหมาะ | ข้อมูล Asset List | ขั้นตอนประเมินล็อต | เอกสารธุรกิจ | ข้อมูล/MDM และการส่งมอบ | FAQ องค์กร
b2b-hotel-office-it,/รับซื้ออุปกรณ์ไอทีโรงแรม-ขอนแก่น/,b2b,b2b,รับซื้ออุปกรณ์ไอทีโรงแรม,INDEX,/รับซื้อยกล็อต-บริษัท/,/รับซื้อยกล็อต-บริษัท/,กลุ่มงานที่เหมาะ | ข้อมูล Asset List | ขั้นตอนประเมินล็อต | เอกสารธุรกิจ | ข้อมูล/MDM และการส่งมอบ | FAQ องค์กร
b2b-factory-office-it,/รับซื้อคอมสำนักงานโรงงาน-ขอนแก่น/,b2b,b2b,รับซื้อคอมและอุปกรณ์สำนักงานโรงงาน,INDEX,/รับซื้อยกล็อต-บริษัท/,/รับซื้อยกล็อต-บริษัท/,กลุ่มงานที่เหมาะ | ข้อมูล Asset List | ขั้นตอนประเมินล็อต | เอกสารธุรกิจ | ข้อมูล/MDM และการส่งมอบ | FAQ องค์กร
b2b-retail-pos-lot,/รับซื้อคอม-pos-อุปกรณ์ร้านค้า-ขอนแก่น/,b2b,b2b,รับซื้อคอม POS และอุปกรณ์ร้านค้า,INDEX,/รับซื้อยกล็อต-บริษัท/,/รับซื้อยกล็อต-บริษัท/,กลุ่มงานที่เหมาะ | ข้อมูล Asset List | ขั้นตอนประเมินล็อต | เอกสารธุรกิจ | ข้อมูล/MDM และการส่งมอบ | FAQ องค์กร
b2b-company-phone-lot,/รับซื้อมือถือบริษัท-ขอนแก่น/,b2b,b2b,รับซื้อมือถือบริษัทเป็นล็อต,INDEX,/รับซื้อยกล็อต-บริษัท/,/รับซื้อยกล็อต-บริษัท/,กลุ่มงานที่เหมาะ | ข้อมูล Asset List | ขั้นตอนประเมินล็อต | เอกสารธุรกิจ | ข้อมูล/MDM และการส่งมอบ | FAQ องค์กร
b2b-company-iphone-lot,/รับซื้อ-iphone-บริษัท-ขอนแก่น/,b2b,b2b,รับซื้อ iPhone บริษัทเป็นล็อต,INDEX,/รับซื้อยกล็อต-บริษัท/,/รับซื้อยกล็อต-บริษัท/,กลุ่มงานที่เหมาะ | ข้อมูล Asset List | ขั้นตอนประเมินล็อต | เอกสารธุรกิจ | ข้อมูล/MDM และการส่งมอบ | FAQ องค์กร
b2b-company-ipad-lot,/รับซื้อ-ipad-บริษัท-ขอนแก่น/,b2b,b2b,รับซื้อ iPad บริษัทเป็นล็อต,INDEX,/รับซื้อยกล็อต-บริษัท/,/รับซื้อยกล็อต-บริษัท/,กลุ่มงานที่เหมาะ | ข้อมูล Asset List | ขั้นตอนประเมินล็อต | เอกสารธุรกิจ | ข้อมูล/MDM และการส่งมอบ | FAQ องค์กร
b2b-company-macbook-lot,/รับซื้อ-macbook-บริษัท-ขอนแก่น/,b2b,b2b,รับซื้อ MacBook บริษัทเป็นล็อต,INDEX,/รับซื้อยกล็อต-บริษัท/,/รับซื้อยกล็อต-บริษัท/,กลุ่มงานที่เหมาะ | ข้อมูล Asset List | ขั้นตอนประเมินล็อต | เอกสารธุรกิจ | ข้อมูล/MDM และการส่งมอบ | FAQ องค์กร
b2b-it-asset-disposal,/รับซื้อทรัพย์สินไอทีเก่า-ขอนแก่น/,b2b,b2b,รับซื้อทรัพย์สินไอทีเก่า,INDEX,/รับซื้อยกล็อต-บริษัท/,/รับซื้อยกล็อต-บริษัท/,กลุ่มงานที่เหมาะ | ข้อมูล Asset List | ขั้นตอนประเมินล็อต | เอกสารธุรกิจ | ข้อมูล/MDM และการส่งมอบ | FAQ องค์กร
b2b-obsolete-it-lot,/รับซื้ออุปกรณ์ไอทีตกรุ่นยกล็อต-ขอนแก่น/,b2b,b2b,รับซื้ออุปกรณ์ไอทีตกรุ่นเป็นล็อต,INDEX,/รับซื้อยกล็อต-บริษัท/,/รับซื้อยกล็อต-บริษัท/,กลุ่มงานที่เหมาะ | ข้อมูล Asset List | ขั้นตอนประเมินล็อต | เอกสารธุรกิจ | ข้อมูล/MDM และการส่งมอบ | FAQ องค์กร
b2b-mixed-it-lot,/รับซื้อสินค้าไอทีหลายประเภท-ขอนแก่น/,b2b,b2b,รับซื้อสินค้าไอทีหลายประเภทพร้อมกัน,INDEX,/รับซื้อยกล็อต-บริษัท/,/รับซื้อยกล็อต-บริษัท/,กลุ่มงานที่เหมาะ | ข้อมูล Asset List | ขั้นตอนประเมินล็อต | เอกสารธุรกิจ | ข้อมูล/MDM และการส่งมอบ | FAQ องค์กร
b2b-inventory-clearance-it,/รับซื้อสต็อกอุปกรณ์ไอทีค้าง-ขอนแก่น/,b2b,b2b,รับซื้อสต็อกอุปกรณ์ไอทีค้าง,INDEX,/รับซื้อยกล็อต-บริษัท/,/รับซื้อยกล็อต-บริษัท/,กลุ่มงานที่เหมาะ | ข้อมูล Asset List | ขั้นตอนประเมินล็อต | เอกสารธุรกิจ | ข้อมูล/MDM และการส่งมอบ | FAQ องค์กร
b2b-corporate-quotation-buyback,/ใบเสนอราคารับซื้ออุปกรณ์ไอทีบริษัท-ขอนแก่น/,b2b,b2b,ประเมินรับซื้อพร้อมใบเสนอราคาสำหรับบริษัท,INDEX,/รับซื้อยกล็อต-บริษัท/,/รับซื้อยกล็อต-บริษัท/,กลุ่มงานที่เหมาะ | ข้อมูล Asset List | ขั้นตอนประเมินล็อต | เอกสารธุรกิจ | ข้อมูล/MDM และการส่งมอบ | FAQ องค์กร
local-ban-fang,/รับซื้อไอที-บ้านฝาง/,local,district,รับซื้อสินค้าไอที บ้านฝาง,INDEX,/พื้นที่ให้บริการ/,/พื้นที่ให้บริการ/,ข้อมูลบริการเฉพาะอำเภอ | ระยะทางและรูปแบบจัดรอบ | จุดนัด/เส้นทางที่เหมาะ | หมวดสินค้าที่เหมาะกับรอบรับ | เช็กลิสต์ก่อนนัด | FAQ เฉพาะพื้นที่
local-phra-yuen,/รับซื้อไอที-พระยืน/,local,district,รับซื้อสินค้าไอที พระยืน,INDEX,/พื้นที่ให้บริการ/,/พื้นที่ให้บริการ/,ข้อมูลบริการเฉพาะอำเภอ | ระยะทางและรูปแบบจัดรอบ | จุดนัด/เส้นทางที่เหมาะ | หมวดสินค้าที่เหมาะกับรอบรับ | เช็กลิสต์ก่อนนัด | FAQ เฉพาะพื้นที่
local-nong-ruea,/รับซื้อไอที-หนองเรือ/,local,district,รับซื้อสินค้าไอที หนองเรือ,INDEX,/พื้นที่ให้บริการ/,/พื้นที่ให้บริการ/,ข้อมูลบริการเฉพาะอำเภอ | ระยะทางและรูปแบบจัดรอบ | จุดนัด/เส้นทางที่เหมาะ | หมวดสินค้าที่เหมาะกับรอบรับ | เช็กลิสต์ก่อนนัด | FAQ เฉพาะพื้นที่
local-si-chomphu,/รับซื้อไอที-สีชมพู/,local,district,รับซื้อสินค้าไอที สีชมพู,INDEX,/พื้นที่ให้บริการ/,/พื้นที่ให้บริการ/,ข้อมูลบริการเฉพาะอำเภอ | ระยะทางและรูปแบบจัดรอบ | จุดนัด/เส้นทางที่เหมาะ | หมวดสินค้าที่เหมาะกับรอบรับ | เช็กลิสต์ก่อนนัด | FAQ เฉพาะพื้นที่
local-ubolratana,/รับซื้อไอที-อุบลรัตน์/,local,district,รับซื้อสินค้าไอที อุบลรัตน์,INDEX,/พื้นที่ให้บริการ/,/พื้นที่ให้บริการ/,ข้อมูลบริการเฉพาะอำเภอ | ระยะทางและรูปแบบจัดรอบ | จุดนัด/เส้นทางที่เหมาะ | หมวดสินค้าที่เหมาะกับรอบรับ | เช็กลิสต์ก่อนนัด | FAQ เฉพาะพื้นที่
local-kranuan,/รับซื้อไอที-กระนวน/,local,district,รับซื้อสินค้าไอที กระนวน,INDEX,/พื้นที่ให้บริการ/,/พื้นที่ให้บริการ/,ข้อมูลบริการเฉพาะอำเภอ | ระยะทางและรูปแบบจัดรอบ | จุดนัด/เส้นทางที่เหมาะ | หมวดสินค้าที่เหมาะกับรอบรับ | เช็กลิสต์ก่อนนัด | FAQ เฉพาะพื้นที่
local-pueai-noi,/รับซื้อไอที-เปือยน้อย/,local,district,รับซื้อสินค้าไอที เปือยน้อย,INDEX,/พื้นที่ให้บริการ/,/พื้นที่ให้บริการ/,ข้อมูลบริการเฉพาะอำเภอ | ระยะทางและรูปแบบจัดรอบ | จุดนัด/เส้นทางที่เหมาะ | หมวดสินค้าที่เหมาะกับรอบรับ | เช็กลิสต์ก่อนนัด | FAQ เฉพาะพื้นที่
local-waeng-yai,/รับซื้อไอที-แวงใหญ่/,local,district,รับซื้อสินค้าไอที แวงใหญ่,INDEX,/พื้นที่ให้บริการ/,/พื้นที่ให้บริการ/,ข้อมูลบริการเฉพาะอำเภอ | ระยะทางและรูปแบบจัดรอบ | จุดนัด/เส้นทางที่เหมาะ | หมวดสินค้าที่เหมาะกับรอบรับ | เช็กลิสต์ก่อนนัด | FAQ เฉพาะพื้นที่
local-waeng-noi,/รับซื้อไอที-แวงน้อย/,local,district,รับซื้อสินค้าไอที แวงน้อย,INDEX,/พื้นที่ให้บริการ/,/พื้นที่ให้บริการ/,ข้อมูลบริการเฉพาะอำเภอ | ระยะทางและรูปแบบจัดรอบ | จุดนัด/เส้นทางที่เหมาะ | หมวดสินค้าที่เหมาะกับรอบรับ | เช็กลิสต์ก่อนนัด | FAQ เฉพาะพื้นที่
local-nong-song-hong,/รับซื้อไอที-หนองสองห้อง/,local,district,รับซื้อสินค้าไอที หนองสองห้อง,INDEX,/พื้นที่ให้บริการ/,/พื้นที่ให้บริการ/,ข้อมูลบริการเฉพาะอำเภอ | ระยะทางและรูปแบบจัดรอบ | จุดนัด/เส้นทางที่เหมาะ | หมวดสินค้าที่เหมาะกับรอบรับ | เช็กลิสต์ก่อนนัด | FAQ เฉพาะพื้นที่
local-phu-wiang,/รับซื้อไอที-ภูเวียง/,local,district,รับซื้อสินค้าไอที ภูเวียง,INDEX,/พื้นที่ให้บริการ/,/พื้นที่ให้บริการ/,ข้อมูลบริการเฉพาะอำเภอ | ระยะทางและรูปแบบจัดรอบ | จุดนัด/เส้นทางที่เหมาะ | หมวดสินค้าที่เหมาะกับรอบรับ | เช็กลิสต์ก่อนนัด | FAQ เฉพาะพื้นที่
local-mancha-khiri,/รับซื้อไอที-มัญจาคีรี/,local,district,รับซื้อสินค้าไอที มัญจาคีรี,INDEX,/พื้นที่ให้บริการ/,/พื้นที่ให้บริการ/,ข้อมูลบริการเฉพาะอำเภอ | ระยะทางและรูปแบบจัดรอบ | จุดนัด/เส้นทางที่เหมาะ | หมวดสินค้าที่เหมาะกับรอบรับ | เช็กลิสต์ก่อนนัด | FAQ เฉพาะพื้นที่
local-chonnabot,/รับซื้อไอที-ชนบท/,local,district,รับซื้อสินค้าไอที ชนบท,INDEX,/พื้นที่ให้บริการ/,/พื้นที่ให้บริการ/,ข้อมูลบริการเฉพาะอำเภอ | ระยะทางและรูปแบบจัดรอบ | จุดนัด/เส้นทางที่เหมาะ | หมวดสินค้าที่เหมาะกับรอบรับ | เช็กลิสต์ก่อนนัด | FAQ เฉพาะพื้นที่
local-khao-suan-kwang,/รับซื้อไอที-เขาสวนกวาง/,local,district,รับซื้อสินค้าไอที เขาสวนกวาง,INDEX,/พื้นที่ให้บริการ/,/พื้นที่ให้บริการ/,ข้อมูลบริการเฉพาะอำเภอ | ระยะทางและรูปแบบจัดรอบ | จุดนัด/เส้นทางที่เหมาะ | หมวดสินค้าที่เหมาะกับรอบรับ | เช็กลิสต์ก่อนนัด | FAQ เฉพาะพื้นที่
local-phu-pha-man,/รับซื้อไอที-ภูผาม่าน/,local,district,รับซื้อสินค้าไอที ภูผาม่าน,INDEX,/พื้นที่ให้บริการ/,/พื้นที่ให้บริการ/,ข้อมูลบริการเฉพาะอำเภอ | ระยะทางและรูปแบบจัดรอบ | จุดนัด/เส้นทางที่เหมาะ | หมวดสินค้าที่เหมาะกับรอบรับ | เช็กลิสต์ก่อนนัด | FAQ เฉพาะพื้นที่
local-sam-sung,/รับซื้อไอที-ซำสูง/,local,district,รับซื้อสินค้าไอที ซำสูง,INDEX,/พื้นที่ให้บริการ/,/พื้นที่ให้บริการ/,ข้อมูลบริการเฉพาะอำเภอ | ระยะทางและรูปแบบจัดรอบ | จุดนัด/เส้นทางที่เหมาะ | หมวดสินค้าที่เหมาะกับรอบรับ | เช็กลิสต์ก่อนนัด | FAQ เฉพาะพื้นที่
local-khok-pho-chai,/รับซื้อไอที-โคกโพธิ์ไชย/,local,district,รับซื้อสินค้าไอที โคกโพธิ์ไชย,INDEX,/พื้นที่ให้บริการ/,/พื้นที่ให้บริการ/,ข้อมูลบริการเฉพาะอำเภอ | ระยะทางและรูปแบบจัดรอบ | จุดนัด/เส้นทางที่เหมาะ | หมวดสินค้าที่เหมาะกับรอบรับ | เช็กลิสต์ก่อนนัด | FAQ เฉพาะพื้นที่
local-nong-na-kham,/รับซื้อไอที-หนองนาคำ/,local,district,รับซื้อสินค้าไอที หนองนาคำ,INDEX,/พื้นที่ให้บริการ/,/พื้นที่ให้บริการ/,ข้อมูลบริการเฉพาะอำเภอ | ระยะทางและรูปแบบจัดรอบ | จุดนัด/เส้นทางที่เหมาะ | หมวดสินค้าที่เหมาะกับรอบรับ | เช็กลิสต์ก่อนนัด | FAQ เฉพาะพื้นที่
local-ban-haet,/รับซื้อไอที-บ้านแฮด/,local,district,รับซื้อสินค้าไอที บ้านแฮด,INDEX,/พื้นที่ให้บริการ/,/พื้นที่ให้บริการ/,ข้อมูลบริการเฉพาะอำเภอ | ระยะทางและรูปแบบจัดรอบ | จุดนัด/เส้นทางที่เหมาะ | หมวดสินค้าที่เหมาะกับรอบรับ | เช็กลิสต์ก่อนนัด | FAQ เฉพาะพื้นที่
local-non-sila,/รับซื้อไอที-โนนศิลา/,local,district,รับซื้อสินค้าไอที โนนศิลา,INDEX,/พื้นที่ให้บริการ/,/พื้นที่ให้บริการ/,ข้อมูลบริการเฉพาะอำเภอ | ระยะทางและรูปแบบจัดรอบ | จุดนัด/เส้นทางที่เหมาะ | หมวดสินค้าที่เหมาะกับรอบรับ | เช็กลิสต์ก่อนนัด | FAQ เฉพาะพื้นที่
local-wiang-kao,/รับซื้อไอที-เวียงเก่า/,local,district,รับซื้อสินค้าไอที เวียงเก่า,INDEX,/พื้นที่ให้บริการ/,/พื้นที่ให้บริการ/,ข้อมูลบริการเฉพาะอำเภอ | ระยะทางและรูปแบบจัดรอบ | จุดนัด/เส้นทางที่เหมาะ | หมวดสินค้าที่เหมาะกับรอบรับ | เช็กลิสต์ก่อนนัด | FAQ เฉพาะพื้นที่
guide-วิธีเช็กรุ่นโน้ตบุ๊กก่อนขาย,/บทความ/วิธีเช็กรุ่นโน้ตบุ๊กก่อนขาย/,guide,guide-notebook,วิธีเช็กรุ่นโน้ตบุ๊กก่อนขาย,INDEX,/บทความ/,/บทความ/,คำตอบสั้น | ขั้นตอน/เช็กลิสต์ | ปัจจัยที่มีผลต่อมูลค่า | ข้อควรระวัง | FAQ | แหล่งอ้างอิง
guide-วิธีดูสเปกโน้ตบุ๊กก่อนประเมิน,/บทความ/วิธีดูสเปกโน้ตบุ๊กก่อนประเมิน/,guide,guide-notebook,วิธีดูสเปกโน้ตบุ๊กก่อนส่งประเมิน,INDEX,/บทความ/,/บทความ/,คำตอบสั้น | ขั้นตอน/เช็กลิสต์ | ปัจจัยที่มีผลต่อมูลค่า | ข้อควรระวัง | FAQ | แหล่งอ้างอิง
guide-วิธีเช็กสุขภาพแบตโน้ตบุ๊ก,/บทความ/วิธีเช็กสุขภาพแบตโน้ตบุ๊ก/,guide,guide-notebook,วิธีเช็กสุขภาพแบตโน้ตบุ๊ก,INDEX,/บทความ/,/บทความ/,คำตอบสั้น | ขั้นตอน/เช็กลิสต์ | ปัจจัยที่มีผลต่อมูลค่า | ข้อควรระวัง | FAQ | แหล่งอ้างอิง
guide-วิธีเช็กประกันโน้ตบุ๊ก,/บทความ/วิธีเช็กประกันโน้ตบุ๊ก/,guide,guide-notebook,วิธีเช็กประกันโน้ตบุ๊ก,INDEX,/บทความ/,/บทความ/,คำตอบสั้น | ขั้นตอน/เช็กลิสต์ | ปัจจัยที่มีผลต่อมูลค่า | ข้อควรระวัง | FAQ | แหล่งอ้างอิง
guide-โน้ตบุ๊กไม่มีกล่องราคาตกไหม,/บทความ/โน้ตบุ๊กไม่มีกล่องราคาตกไหม/,guide,guide-notebook,โน้ตบุ๊กไม่มีกล่องราคาตกไหม,INDEX,/บทความ/,/บทความ/,คำตอบสั้น | ขั้นตอน/เช็กลิสต์ | ปัจจัยที่มีผลต่อมูลค่า | ข้อควรระวัง | FAQ | แหล่งอ้างอิง
guide-โน้ตบุ๊กมีรอยบุบขายได้ไหม,/บทความ/โน้ตบุ๊กมีรอยบุบขายได้ไหม/,guide,guide-notebook,โน้ตบุ๊กมีรอยบุบขายได้ไหม,INDEX,/บทความ/,/บทความ/,คำตอบสั้น | ขั้นตอน/เช็กลิสต์ | ปัจจัยที่มีผลต่อมูลค่า | ข้อควรระวัง | FAQ | แหล่งอ้างอิง
guide-โน้ตบุ๊กบานพับแตกประเมินยังไง,/บทความ/โน้ตบุ๊กบานพับแตกประเมินยังไง/,guide,guide-notebook,โน้ตบุ๊กบานพับแตกประเมินอย่างไร,HOLD_NOINDEX,/บทความ/,/บทความ/,คำตอบสั้น | ขั้นตอน/เช็กลิสต์ | ปัจจัยที่มีผลต่อมูลค่า | ข้อควรระวัง | FAQ | แหล่งอ้างอิง
guide-โน้ตบุ๊กจอมีเส้นราคาตกแค่ไหน,/บทความ/โน้ตบุ๊กจอมีเส้นราคาตกแค่ไหน/,guide,guide-notebook,โน้ตบุ๊กจอมีเส้นมีผลกับราคาอย่างไร,INDEX,/บทความ/,/บทความ/,คำตอบสั้น | ขั้นตอน/เช็กลิสต์ | ปัจจัยที่มีผลต่อมูลค่า | ข้อควรระวัง | FAQ | แหล่งอ้างอิง
guide-วิธีเตรียม-macbook-ก่อนขาย,/บทความ/วิธีเตรียม-macbook-ก่อนขาย/,guide,guide-macbook,วิธีเตรียม MacBook ก่อนขาย,INDEX,/บทความ/,/บทความ/,คำตอบสั้น | ขั้นตอน/เช็กลิสต์ | ปัจจัยที่มีผลต่อมูลค่า | ข้อควรระวัง | FAQ | แหล่งอ้างอิง
guide-วิธีดู-cycle-count-macbook,/บทความ/วิธีดู-cycle-count-macbook/,guide,guide-macbook,วิธีดู Cycle Count ของ MacBook,INDEX,/บทความ/,/บทความ/,คำตอบสั้น | ขั้นตอน/เช็กลิสต์ | ปัจจัยที่มีผลต่อมูลค่า | ข้อควรระวัง | FAQ | แหล่งอ้างอิง
guide-วิธีเช็ก-battery-health-macbook,/บทความ/วิธีเช็ก-battery-health-macbook/,guide,guide-macbook,วิธีเช็ก Battery Health ของ MacBook,INDEX,/บทความ/,/บทความ/,คำตอบสั้น | ขั้นตอน/เช็กลิสต์ | ปัจจัยที่มีผลต่อมูลค่า | ข้อควรระวัง | FAQ | แหล่งอ้างอิง
guide-macbook-คีย์บอร์ดอังกฤษขายได้ไหม,/บทความ/macbook-คีย์บอร์ดอังกฤษขายได้ไหม/,guide,guide-macbook,MacBook คีย์บอร์ดอังกฤษขายได้ไหม,INDEX,/บทความ/,/บทความ/,คำตอบสั้น | ขั้นตอน/เช็กลิสต์ | ปัจจัยที่มีผลต่อมูลค่า | ข้อควรระวัง | FAQ | แหล่งอ้างอิง
guide-macbook-ไม่มีที่ชาร์จราคาตกไหม,/บทความ/macbook-ไม่มีที่ชาร์จราคาตกไหม/,guide,guide-macbook,MacBook ไม่มีที่ชาร์จราคาตกไหม,INDEX,/บทความ/,/บทความ/,คำตอบสั้น | ขั้นตอน/เช็กลิสต์ | ปัจจัยที่มีผลต่อมูลค่า | ข้อควรระวัง | FAQ | แหล่งอ้างอิง
guide-macbook-จอเป็นรอยประเมินยังไง,/บทความ/macbook-จอเป็นรอยประเมินยังไง/,guide,guide-macbook,MacBook จอเป็นรอยประเมินอย่างไร,INDEX,/บทความ/,/บทความ/,คำตอบสั้น | ขั้นตอน/เช็กลิสต์ | ปัจจัยที่มีผลต่อมูลค่า | ข้อควรระวัง | FAQ | แหล่งอ้างอิง
guide-วิธีปลด-find-my-mac-ก่อนขาย,/บทความ/วิธีปลด-find-my-mac-ก่อนขาย/,guide,guide-selling,วิธีปลด Find My Mac ก่อนขาย,INDEX,/บทความ/,/บทความ/,คำตอบสั้น | ขั้นตอน/เช็กลิสต์ | ปัจจัยที่มีผลต่อมูลค่า | ข้อควรระวัง | FAQ | แหล่งอ้างอิง
guide-วิธีเช็ก-iphone-ก่อนขาย,/บทความ/วิธีเช็ก-iphone-ก่อนขาย/,guide,guide-iphone,วิธีเช็ก iPhone ก่อนขาย,INDEX,/บทความ/,/บทความ/,คำตอบสั้น | ขั้นตอน/เช็กลิสต์ | ปัจจัยที่มีผลต่อมูลค่า | ข้อควรระวัง | FAQ | แหล่งอ้างอิง
guide-วิธีดู-battery-health-iphone,/บทความ/วิธีดู-battery-health-iphone/,guide,guide-iphone,วิธีดู Battery Health ของ iPhone,INDEX,/บทความ/,/บทความ/,คำตอบสั้น | ขั้นตอน/เช็กลิสต์ | ปัจจัยที่มีผลต่อมูลค่า | ข้อควรระวัง | FAQ | แหล่งอ้างอิง
guide-iphone-ไม่มีกล่องราคาตกไหม,/บทความ/iphone-ไม่มีกล่องราคาตกไหม/,guide,guide-iphone,iPhone ไม่มีกล่องราคาตกไหม,INDEX,/บทความ/,/บทความ/,คำตอบสั้น | ขั้นตอน/เช็กลิสต์ | ปัจจัยที่มีผลต่อมูลค่า | ข้อควรระวัง | FAQ | แหล่งอ้างอิง
guide-iphone-จอเปลี่ยนราคาตกไหม,/บทความ/iphone-จอเปลี่ยนราคาตกไหม/,guide,guide-iphone,iPhone เคยเปลี่ยนจอมีผลกับราคาไหม,INDEX,/บทความ/,/บทความ/,คำตอบสั้น | ขั้นตอน/เช็กลิสต์ | ปัจจัยที่มีผลต่อมูลค่า | ข้อควรระวัง | FAQ | แหล่งอ้างอิง
guide-iphone-ฝาหลังแตกขายได้ไหม,/บทความ/iphone-ฝาหลังแตกขายได้ไหม/,guide,guide-iphone,iPhone ฝาหลังแตกขายได้ไหม,HOLD_NOINDEX,/บทความ/,/บทความ/,คำตอบสั้น | ขั้นตอน/เช็กลิสต์ | ปัจจัยที่มีผลต่อมูลค่า | ข้อควรระวัง | FAQ | แหล่งอ้างอิง
guide-iphone-ติดผ่อนตรวจยังไง,/บทความ/iphone-ติดผ่อนตรวจยังไง/,guide,guide-iphone,วิธีตรวจสถานะเครื่องก่อนขาย iPhone,HOLD_NOINDEX,/บทความ/,/บทความ/,คำตอบสั้น | ขั้นตอน/เช็กลิสต์ | ปัจจัยที่มีผลต่อมูลค่า | ข้อควรระวัง | FAQ | แหล่งอ้างอิง
guide-วิธีเตรียม-ipad-ก่อนขาย,/บทความ/วิธีเตรียม-ipad-ก่อนขาย/,guide,guide-ipad,วิธีเตรียม iPad ก่อนขาย,INDEX,/บทความ/,/บทความ/,คำตอบสั้น | ขั้นตอน/เช็กลิสต์ | ปัจจัยที่มีผลต่อมูลค่า | ข้อควรระวัง | FAQ | แหล่งอ้างอิง
guide-วิธีเช็ก-ipad-งอ,/บทความ/วิธีเช็ก-ipad-งอ/,guide,guide-ipad,วิธีเช็ก iPad ว่าเครื่องงอหรือไม่,HOLD_NOINDEX,/บทความ/,/บทความ/,คำตอบสั้น | ขั้นตอน/เช็กลิสต์ | ปัจจัยที่มีผลต่อมูลค่า | ข้อควรระวัง | FAQ | แหล่งอ้างอิง
guide-ipad-cellular-vs-wifi-ราคามือสอง,/บทความ/ipad-cellular-vs-wifi-ราคามือสอง/,guide,guide-ipad,iPad Cellular กับ Wi-Fi ราคามือสองต่างกันอย่างไร,INDEX,/บทความ/,/บทความ/,คำตอบสั้น | ขั้นตอน/เช็กลิสต์ | ปัจจัยที่มีผลต่อมูลค่า | ข้อควรระวัง | FAQ | แหล่งอ้างอิง
guide-apple-pencil-เพิ่มราคาขาย-ipadไหม,/บทความ/apple-pencil-เพิ่มราคาขาย-ipadไหม/,guide,guide-ipad,Apple Pencil ช่วยเพิ่มมูลค่า iPad มือสองไหม,INDEX,/บทความ/,/บทความ/,คำตอบสั้น | ขั้นตอน/เช็กลิสต์ | ปัจจัยที่มีผลต่อมูลค่า | ข้อควรระวัง | FAQ | แหล่งอ้างอิง
guide-วิธีเช็กสเปกคอมก่อนขาย,/บทความ/วิธีเช็กสเปกคอมก่อนขาย/,guide,guide-computer,วิธีเช็กสเปกคอมก่อนขาย,INDEX,/บทความ/,/บทความ/,คำตอบสั้น | ขั้นตอน/เช็กลิสต์ | ปัจจัยที่มีผลต่อมูลค่า | ข้อควรระวัง | FAQ | แหล่งอ้างอิง
guide-ขายคอมประกอบต้องส่งข้อมูลอะไร,/บทความ/ขายคอมประกอบต้องส่งข้อมูลอะไร/,guide,guide-computer,ขายคอมประกอบต้องส่งข้อมูลอะไรบ้าง,INDEX,/บทความ/,/บทความ/,คำตอบสั้น | ขั้นตอน/เช็กลิสต์ | ปัจจัยที่มีผลต่อมูลค่า | ข้อควรระวัง | FAQ | แหล่งอ้างอิง
guide-ขายคอมทั้งชุดพร้อมจอคุ้มไหม,/บทความ/ขายคอมทั้งชุดพร้อมจอคุ้มไหม/,guide,guide-computer,ขายคอมทั้งชุดพร้อมจอคุ้มไหม,INDEX,/บทความ/,/บทความ/,คำตอบสั้น | ขั้นตอน/เช็กลิสต์ | ปัจจัยที่มีผลต่อมูลค่า | ข้อควรระวัง | FAQ | แหล่งอ้างอิง
guide-psu-มีผลต่อราคาคอมมือสองไหม,/บทความ/psu-มีผลต่อราคาคอมมือสองไหม/,guide,guide-computer,PSU มีผลต่อราคาคอมมือสองไหม,INDEX,/บทความ/,/บทความ/,คำตอบสั้น | ขั้นตอน/เช็กลิสต์ | ปัจจัยที่มีผลต่อมูลค่า | ข้อควรระวัง | FAQ | แหล่งอ้างอิง
guide-ชุดน้ำมีผลต่อราคาคอมมือสองไหม,/บทความ/ชุดน้ำมีผลต่อราคาคอมมือสองไหม/,guide,guide-computer,ชุดน้ำมีผลต่อราคาคอมมือสองไหม,INDEX,/บทความ/,/บทความ/,คำตอบสั้น | ขั้นตอน/เช็กลิสต์ | ปัจจัยที่มีผลต่อมูลค่า | ข้อควรระวัง | FAQ | แหล่งอ้างอิง
guide-วิธีเช็กการ์ดจอก่อนขาย,/บทความ/วิธีเช็กการ์ดจอก่อนขาย/,guide,guide-gpu,วิธีเช็กการ์ดจอก่อนขาย,INDEX,/บทความ/,/บทความ/,คำตอบสั้น | ขั้นตอน/เช็กลิสต์ | ปัจจัยที่มีผลต่อมูลค่า | ข้อควรระวัง | FAQ | แหล่งอ้างอิง
guide-วิธีดูรุ่นการ์ดจอใน-windows,/บทความ/วิธีดูรุ่นการ์ดจอใน-windows/,guide,guide-gpu,วิธีดูรุ่นการ์ดจอใน Windows,INDEX,/บทความ/,/บทความ/,คำตอบสั้น | ขั้นตอน/เช็กลิสต์ | ปัจจัยที่มีผลต่อมูลค่า | ข้อควรระวัง | FAQ | แหล่งอ้างอิง
guide-การ์ดจอขุดเหมืองขายได้ไหม,/บทความ/การ์ดจอขุดเหมืองขายได้ไหม/,guide,guide-gpu,การ์ดจอเคยขุดเหมืองขายได้ไหม,INDEX,/บทความ/,/บทความ/,คำตอบสั้น | ขั้นตอน/เช็กลิสต์ | ปัจจัยที่มีผลต่อมูลค่า | ข้อควรระวัง | FAQ | แหล่งอ้างอิง
guide-การ์ดจอไม่มีประกันราคาตกไหม,/บทความ/การ์ดจอไม่มีประกันราคาตกไหม/,guide,guide-gpu,การ์ดจอไม่มีประกันราคาตกไหม,INDEX,/บทความ/,/บทความ/,คำตอบสั้น | ขั้นตอน/เช็กลิสต์ | ปัจจัยที่มีผลต่อมูลค่า | ข้อควรระวัง | FAQ | แหล่งอ้างอิง
guide-การ์ดจอพัดลมดังประเมินยังไง,/บทความ/การ์ดจอพัดลมดังประเมินยังไง/,guide,guide-gpu,การ์ดจอพัดลมดังประเมินอย่างไร,HOLD_NOINDEX,/บทความ/,/บทความ/,คำตอบสั้น | ขั้นตอน/เช็กลิสต์ | ปัจจัยที่มีผลต่อมูลค่า | ข้อควรระวัง | FAQ | แหล่งอ้างอิง
guide-วิธีเทสการ์ดจอก่อนขาย,/บทความ/วิธีเทสการ์ดจอก่อนขาย/,guide,guide-gpu,วิธีทดสอบการ์ดจอก่อนขาย,INDEX,/บทความ/,/บทความ/,คำตอบสั้น | ขั้นตอน/เช็กลิสต์ | ปัจจัยที่มีผลต่อมูลค่า | ข้อควรระวัง | FAQ | แหล่งอ้างอิง
guide-วิธีเช็กกล้องก่อนขาย,/บทความ/วิธีเช็กกล้องก่อนขาย/,guide,guide-camera,วิธีเช็กกล้องก่อนขาย,INDEX,/บทความ/,/บทความ/,คำตอบสั้น | ขั้นตอน/เช็กลิสต์ | ปัจจัยที่มีผลต่อมูลค่า | ข้อควรระวัง | FAQ | แหล่งอ้างอิง
guide-วิธีดู-shutter-count-กล้อง,/บทความ/วิธีดู-shutter-count-กล้อง/,guide,guide-camera,วิธีดู Shutter Count ของกล้อง,INDEX,/บทความ/,/บทความ/,คำตอบสั้น | ขั้นตอน/เช็กลิสต์ | ปัจจัยที่มีผลต่อมูลค่า | ข้อควรระวัง | FAQ | แหล่งอ้างอิง
guide-กล้องมีราขายได้ไหม,/บทความ/กล้องมีราขายได้ไหม/,guide,guide-camera,กล้องมีราขายได้ไหม,INDEX,/บทความ/,/บทความ/,คำตอบสั้น | ขั้นตอน/เช็กลิสต์ | ปัจจัยที่มีผลต่อมูลค่า | ข้อควรระวัง | FAQ | แหล่งอ้างอิง
guide-เลนส์มีราประเมินราคาอย่างไร,/บทความ/เลนส์มีราประเมินราคาอย่างไร/,guide,guide-camera,เลนส์มีราประเมินราคาอย่างไร,INDEX,/บทความ/,/บทความ/,คำตอบสั้น | ขั้นตอน/เช็กลิสต์ | ปัจจัยที่มีผลต่อมูลค่า | ข้อควรระวัง | FAQ | แหล่งอ้างอิง
guide-กล้องไม่มีกล่องราคาตกไหม,/บทความ/กล้องไม่มีกล่องราคาตกไหม/,guide,guide-camera,กล้องไม่มีกล่องราคาตกไหม,INDEX,/บทความ/,/บทความ/,คำตอบสั้น | ขั้นตอน/เช็กลิสต์ | ปัจจัยที่มีผลต่อมูลค่า | ข้อควรระวัง | FAQ | แหล่งอ้างอิง
guide-วิธีเตรียม-ps5-ก่อนขาย,/บทความ/วิธีเตรียม-ps5-ก่อนขาย/,guide,guide-console,วิธีเตรียม PS5 ก่อนขาย,INDEX,/บทความ/,/บทความ/,คำตอบสั้น | ขั้นตอน/เช็กลิสต์ | ปัจจัยที่มีผลต่อมูลค่า | ข้อควรระวัง | FAQ | แหล่งอ้างอิง
guide-วิธีลบบัญชี-nintendo-switch-ก่อนขาย,/บทความ/วิธีลบบัญชี-nintendo-switch-ก่อนขาย/,guide,guide-console,วิธีลบบัญชี Nintendo Switch ก่อนขาย,INDEX,/บทความ/,/บทความ/,คำตอบสั้น | ขั้นตอน/เช็กลิสต์ | ปัจจัยที่มีผลต่อมูลค่า | ข้อควรระวัง | FAQ | แหล่งอ้างอิง
guide-เครื่องเกมไม่มีจอยราคาตกไหม,/บทความ/เครื่องเกมไม่มีจอยราคาตกไหม/,guide,guide-console,เครื่องเกมไม่มีจอยราคาตกไหม,INDEX,/บทความ/,/บทความ/,คำตอบสั้น | ขั้นตอน/เช็กลิสต์ | ปัจจัยที่มีผลต่อมูลค่า | ข้อควรระวัง | FAQ | แหล่งอ้างอิง
guide-วิธีเช็กจอคอมก่อนขาย,/บทความ/วิธีเช็กจอคอมก่อนขาย/,guide,guide-monitor,วิธีเช็กจอคอมก่อนขาย,INDEX,/บทความ/,/บทความ/,คำตอบสั้น | ขั้นตอน/เช็กลิสต์ | ปัจจัยที่มีผลต่อมูลค่า | ข้อควรระวัง | FAQ | แหล่งอ้างอิง
guide-dead-pixel-มีผลต่อราคาจอไหม,/บทความ/dead-pixel-มีผลต่อราคาจอไหม/,guide,guide-monitor,Dead Pixel มีผลต่อราคาจอมือสองอย่างไร,INDEX,/บทความ/,/บทความ/,คำตอบสั้น | ขั้นตอน/เช็กลิสต์ | ปัจจัยที่มีผลต่อมูลค่า | ข้อควรระวัง | FAQ | แหล่งอ้างอิง
guide-จอเกมมิ่ง-144hz-165hz-ราคามือสอง,/บทความ/จอเกมมิ่ง-144hz-165hz-ราคามือสอง/,guide,guide-monitor,จอเกมมิ่ง 144Hz และ 165Hz ประเมินต่างกันอย่างไร,INDEX,/บทความ/,/บทความ/,คำตอบสั้น | ขั้นตอน/เช็กลิสต์ | ปัจจัยที่มีผลต่อมูลค่า | ข้อควรระวัง | FAQ | แหล่งอ้างอิง
guide-วิธีเตรียมโดรนก่อนขาย,/บทความ/วิธีเตรียมโดรนก่อนขาย/,guide,guide-drone,วิธีเตรียมโดรนก่อนขาย,INDEX,/บทความ/,/บทความ/,คำตอบสั้น | ขั้นตอน/เช็กลิสต์ | ปัจจัยที่มีผลต่อมูลค่า | ข้อควรระวัง | FAQ | แหล่งอ้างอิง
guide-โดรนแบตเสื่อมราคาตกไหม,/บทความ/โดรนแบตเสื่อมราคาตกไหม/,guide,guide-drone,โดรนแบตเสื่อมมีผลต่อราคาอย่างไร,INDEX,/บทความ/,/บทความ/,คำตอบสั้น | ขั้นตอน/เช็กลิสต์ | ปัจจัยที่มีผลต่อมูลค่า | ข้อควรระวัง | FAQ | แหล่งอ้างอิง
guide-วิธีเช็กจำนวนรอบแบตโดรน,/บทความ/วิธีเช็กจำนวนรอบแบตโดรน/,guide,guide-drone,วิธีเช็กรอบแบตโดรน,INDEX,/บทความ/,/บทความ/,คำตอบสั้น | ขั้นตอน/เช็กลิสต์ | ปัจจัยที่มีผลต่อมูลค่า | ข้อควรระวัง | FAQ | แหล่งอ้างอิง
guide-วิธีเตรียม-apple-watch-ก่อนขาย,/บทความ/วิธีเตรียม-apple-watch-ก่อนขาย/,guide,guide-watch,วิธีเตรียม Apple Watch ก่อนขาย,INDEX,/บทความ/,/บทความ/,คำตอบสั้น | ขั้นตอน/เช็กลิสต์ | ปัจจัยที่มีผลต่อมูลค่า | ข้อควรระวัง | FAQ | แหล่งอ้างอิง
guide-apple-watch-cellular-vs-gps-มือสอง,/บทความ/apple-watch-cellular-vs-gps-มือสอง/,guide,guide-watch,Apple Watch Cellular กับ GPS ราคามือสองต่างกันอย่างไร,INDEX,/บทความ/,/บทความ/,คำตอบสั้น | ขั้นตอน/เช็กลิสต์ | ปัจจัยที่มีผลต่อมูลค่า | ข้อควรระวัง | FAQ | แหล่งอ้างอิง
guide-ขายสินค้าไอทีหลายชิ้นเตรียมรายการยังไง,/บทความ/ขายสินค้าไอทีหลายชิ้นเตรียมรายการยังไง/,guide,guide-b2b,ขายสินค้าไอทีหลายชิ้นควรเตรียมรายการอย่างไร,INDEX,/บทความ/,/บทความ/,คำตอบสั้น | ขั้นตอน/เช็กลิสต์ | ปัจจัยที่มีผลต่อมูลค่า | ข้อควรระวัง | FAQ | แหล่งอ้างอิง
guide-บริษัทขายคอมเก่าต้องใช้เอกสารอะไร,/บทความ/บริษัทขายคอมเก่าต้องใช้เอกสารอะไร/,guide,guide-b2b,บริษัทขายคอมเก่าควรเตรียมเอกสารอะไร,INDEX,/บทความ/,/บทความ/,คำตอบสั้น | ขั้นตอน/เช็กลิสต์ | ปัจจัยที่มีผลต่อมูลค่า | ข้อควรระวัง | FAQ | แหล่งอ้างอิง
guide-วิธีทำรายการทรัพย์สินไอทีก่อนขาย,/บทความ/วิธีทำรายการทรัพย์สินไอทีก่อนขาย/,guide,guide-b2b,วิธีทำรายการทรัพย์สินไอทีก่อนขาย,INDEX,/บทความ/,/บทความ/,คำตอบสั้น | ขั้นตอน/เช็กลิสต์ | ปัจจัยที่มีผลต่อมูลค่า | ข้อควรระวัง | FAQ | แหล่งอ้างอิง
guide-วิธีล้างข้อมูลคอมบริษัทก่อนขาย,/บทความ/วิธีล้างข้อมูลคอมบริษัทก่อนขาย/,guide,guide-b2b,วิธีล้างข้อมูลคอมบริษัทก่อนขาย,INDEX,/บทความ/,/บทความ/,คำตอบสั้น | ขั้นตอน/เช็กลิสต์ | ปัจจัยที่มีผลต่อมูลค่า | ข้อควรระวัง | FAQ | แหล่งอ้างอิง
guide-รับซื้อยกล็อตประเมินราคายังไง,/บทความ/รับซื้อยกล็อตประเมินราคายังไง/,guide,guide-b2b,การประเมินราคาสินค้าไอทียกล็อตทำอย่างไร,INDEX,/บทความ/,/บทความ/,คำตอบสั้น | ขั้นตอน/เช็กลิสต์ | ปัจจัยที่มีผลต่อมูลค่า | ข้อควรระวัง | FAQ | แหล่งอ้างอิง
guide-ขายไอทีมือสองต้องมีใบเสร็จไหม,/บทความ/ขายไอทีมือสองต้องมีใบเสร็จไหม/,guide,guide-selling,ขายสินค้าไอทีมือสองต้องมีใบเสร็จไหม,HOLD_NOINDEX,/บทความ/,/บทความ/,คำตอบสั้น | ขั้นตอน/เช็กลิสต์ | ปัจจัยที่มีผลต่อมูลค่า | ข้อควรระวัง | FAQ | แหล่งอ้างอิง
guide-ควรถ่ายรูปสินค้าไอทียังไงก่อนประเมิน,/บทความ/ควรถ่ายรูปสินค้าไอทียังไงก่อนประเมิน/,guide,guide-selling,ควรถ่ายรูปสินค้าไอทีอย่างไรก่อนส่งประเมิน,INDEX,/บทความ/,/บทความ/,คำตอบสั้น | ขั้นตอน/เช็กลิสต์ | ปัจจัยที่มีผลต่อมูลค่า | ข้อควรระวัง | FAQ | แหล่งอ้างอิง
guide-ข้อมูลอะไรทำให้ประเมินราคาได้เร็วขึ้น,/บทความ/ข้อมูลอะไรทำให้ประเมินราคาได้เร็วขึ้น/,guide,guide-selling,ข้อมูลอะไรช่วยให้ประเมินราคาได้เร็วขึ้น,INDEX,/บทความ/,/บทความ/,คำตอบสั้น | ขั้นตอน/เช็กลิสต์ | ปัจจัยที่มีผลต่อมูลค่า | ข้อควรระวัง | FAQ | แหล่งอ้างอิง
