slug,path,h1,title,price_intent,categories,source
"วิธีดู-shutter-count-กล้อง","/บทความ/วิธีดู-shutter-count-กล้อง/","วิธีดู Shutter Count กล้องก่อนขาย","วิธีดู Shutter Count กล้องก่อนขาย ใช้เป็นข้อมูลอย่างไร | WINNER IT","false","camera","https://www.nikonimgsupport.com/eu/BV_article?articleNo=000044853&ctry=IL&lang=en_GB&setRedirect=true"
"กล้องมีราขายได้ไหม","/บทความ/กล้องมีราขายได้ไหม/","กล้องมีราขายได้ไหม และควรเช็กตรงไหน","กล้องมีรา ขายได้ไหม? แยกราที่เลนส์ ช่องมอง และภายในก่อนประเมิน | WINNER IT","true","camera","https://www.sony.com/electronics/support/articles/00062800"
"เลนส์มีราประเมินราคาอย่างไร","/บทความ/เลนส์มีราประเมินราคาอย่างไร/","เลนส์มีราประเมินราคาอย่างไร","เลนส์มีรา ประเมินราคาอย่างไร ดูตำแหน่ง Coating และผลต่อภาพ | WINNER IT","true","camera","https://www.sony.com/electronics/support/articles/00062800"
"กล้องไม่มีกล่องราคาตกไหม","/บทความ/กล้องไม่มีกล่องราคาตกไหม/","กล้องไม่มีกล่องราคาตกไหมก่อนขาย","กล้องไม่มีกล่อง ราคาตกไหม? อุปกรณ์อะไรสำคัญกว่ากล่อง | WINNER IT","true","camera","https://www.sony.com/electronics/support/e-mount-body-ilce-3000-series/ilce-3000/articles/00160168"
"วิธีลบบัญชี-nintendo-switch-ก่อนขาย","/บทความ/วิธีลบบัญชี-nintendo-switch-ก่อนขาย/","วิธีลบบัญชี Nintendo Switch ก่อนขายอย่างปลอดภัย","วิธีลบบัญชี Nintendo Switch ก่อนขาย สำรอง Save และ Initialize Console | WINNER IT","false","game-console","https://www.nintendo.com/th/support/switch/data_management/initialization/index.html"
"เครื่องเกมไม่มีจอยราคาตกไหม","/บทความ/เครื่องเกมไม่มีจอยราคาตกไหม/","เครื่องเกมไม่มีจอยราคาตกไหม","เครื่องเกมไม่มีจอย ราคาตกไหม? ประเมินตัวเครื่องแยกอุปกรณ์ | WINNER IT","true","game-console","https://www.playstation.com/th-th/support/hardware/transfer-dispose-console/"
"วิธีเช็กจอคอมก่อนขาย","/บทความ/วิธีเช็กจอคอมก่อนขาย/","วิธีเช็กจอคอมก่อนขายให้ข้อมูลครบ","วิธีเช็กจอคอมก่อนขาย Resolution Hz Dead Pixel พอร์ต และอาการภาพ | WINNER IT","false","monitor","https://support.microsoft.com/en-US/Windows/Hardware/Display-Graphics/change-the-refresh-rate-on-your-monitor-in-windows"
"จอเกมมิ่ง-144hz-165hz-ราคามือสอง","/บทความ/จอเกมมิ่ง-144hz-165hz-ราคามือสอง/","จอเกมมิ่ง 144Hz กับ 165Hz ประเมินต่างกันอย่างไร","จอเกมมิ่ง 144Hz vs 165Hz ราคามือสองต่างกันอย่างไร | WINNER IT","true","monitor","https://support.microsoft.com/en-US/Windows/Hardware/Display-Graphics/change-the-refresh-rate-on-your-monitor-in-windows"
"วิธีเตรียมโดรนก่อนขาย","/บทความ/วิธีเตรียมโดรนก่อนขาย/","วิธีเตรียมโดรนก่อนขายก่อนส่งมอบ","วิธีเตรียมโดรน DJI ก่อนขาย เช็กบัญชี แบต รีโมต และอุปกรณ์ | WINNER IT","false","drone-gopro","https://repair.dji.com/help/content?customId=01700006568&lang=en&paperDocType=ARTICLE&re=US&spaceId=17"
"โดรนแบตเสื่อมราคาตกไหม","/บทความ/โดรนแบตเสื่อมราคาตกไหม/","โดรนแบตเสื่อมมีผลต่อราคาอย่างไร","โดรนแบตเสื่อม ราคาตกไหม? ดู Cycle Count บวม และเวลาบิน | WINNER IT","true","drone-gopro","https://repair.dji.com/help/content?customId=en-us03400006549&documentType=artical&lang=en&paperDocType=paper&re=US&spaceId=34"
"วิธีเช็กจำนวนรอบแบตโดรน","/บทความ/วิธีเช็กจำนวนรอบแบตโดรน/","วิธีเช็กจำนวนรอบแบตโดรนก่อนขาย","วิธีเช็ก Cycle Count แบตโดรน DJI ใน DJI Fly ก่อนขาย | WINNER IT","false","drone-gopro","https://repair.dji.com/help/content?customId=01700007714&lang=en&paperDocType=ARTICLE&re=US&spaceId=17"
"วิธีเตรียม-apple-watch-ก่อนขาย","/บทความ/วิธีเตรียม-apple-watch-ก่อนขาย/","วิธีเตรียม Apple Watch ก่อนขายอย่างถูกต้อง","วิธีเตรียม Apple Watch ก่อนขาย Unpair ลบ Activation Lock และ Cellular | WINNER IT","false","smartwatch","https://support.apple.com/guide/watch/unpair-and-erase-apple-watch-apd4ad3571d9/watchos"
"apple-watch-cellular-vs-gps-มือสอง","/บทความ/apple-watch-cellular-vs-gps-มือสอง/","Apple Watch Cellular กับ GPS มือสองต่างกันอย่างไร","Apple Watch GPS + Cellular vs GPS มือสอง ต่างกันอย่างไร | WINNER IT","true","smartwatch","https://support.apple.com/en-la/109319"
"ขายสินค้าไอทีหลายชิ้นเตรียมรายการยังไง","/บทความ/ขายสินค้าไอทีหลายชิ้นเตรียมรายการยังไง/","ขายสินค้าไอทีหลายชิ้นควรเตรียมรายการอย่างไร","ขายสินค้าไอทีหลายชิ้น เตรียมรายการอย่างไรให้ประเมินเร็ว | WINNER IT","false","bulk-buyout|appliance","https://csrc.nist.gov/pubs/sp/800/88/r2/final"
"บริษัทขายคอมเก่าต้องใช้เอกสารอะไร","/บทความ/บริษัทขายคอมเก่าต้องใช้เอกสารอะไร/","บริษัทขายคอมเก่าควรเตรียมเอกสารอะไร","บริษัทขายคอมเก่า ควรเตรียมเอกสารอะไร ก่อนรับซื้อยกล็อต | WINNER IT","false","bulk-buyout|appliance","https://learn.microsoft.com/en-us/autopilot/device-preparation/device-association/remove-association"
"วิธีทำรายการทรัพย์สินไอทีก่อนขาย","/บทความ/วิธีทำรายการทรัพย์สินไอทีก่อนขาย/","วิธีทำรายการทรัพย์สินไอทีก่อนขาย","วิธีทำ Asset List ทรัพย์สินไอทีก่อนขาย บริษัทและองค์กร | WINNER IT","false","bulk-buyout|appliance","https://csrc.nist.gov/pubs/sp/800/88/r2/final"
"วิธีล้างข้อมูลคอมบริษัทก่อนขาย","/บทความ/วิธีล้างข้อมูลคอมบริษัทก่อนขาย/","วิธีล้างข้อมูลคอมบริษัทก่อนขายอย่างเป็นระบบ","วิธีล้างข้อมูลคอมบริษัทก่อนขาย วาง Media Sanitization ให้ตรวจสอบได้ | WINNER IT","false","bulk-buyout|appliance|computer|notebook","https://csrc.nist.gov/pubs/sp/800/88/r2/final"
"รับซื้อยกล็อตประเมินราคายังไง","/บทความ/รับซื้อยกล็อตประเมินราคายังไง/","การประเมินราคาสินค้าไอทียกล็อตทำอย่างไร","รับซื้อยกล็อตประเมินราคาอย่างไร แยกเกรดและตรวจตัวอย่างก่อนสรุป | WINNER IT","true","bulk-buyout|appliance","https://csrc.nist.gov/pubs/sp/800/88/r2/final"
"ควรถ่ายรูปสินค้าไอทียังไงก่อนประเมิน","/บทความ/ควรถ่ายรูปสินค้าไอทียังไงก่อนประเมิน/","ควรถ่ายรูปสินค้าไอทีอย่างไรก่อนส่งประเมิน","ถ่ายรูปสินค้าไอทีอย่างไรก่อนส่งประเมิน ให้เห็นรุ่นและตำหนิครบ | WINNER IT","false","notebook|computer|smartphone|camera|game-console|monitor|drone-gopro|smartwatch|bulk-buyout","https://support.microsoft.com/en-us/windows/experience/find-information-about-your-windows-device"
"ข้อมูลอะไรทำให้ประเมินราคาได้เร็วขึ้น","/บทความ/ข้อมูลอะไรทำให้ประเมินราคาได้เร็วขึ้น/","ข้อมูลอะไรช่วยให้ประเมินราคาได้เร็วขึ้น","ข้อมูลอะไรช่วยให้ประเมินราคาสินค้าไอทีได้เร็วขึ้น | WINNER IT","false","notebook|computer|smartphone|camera|game-console|monitor|drone-gopro|smartwatch|bulk-buyout","https://support.microsoft.com/en-us/windows/experience/find-information-about-your-windows-device"
